Software Version,3.03.14,,,,,,,,,,,,,,,,,,,,,,,,,,,,,,,,,,,,,,,,,,,,,,,,,
,,,,,,,,,,,,,,,,,,,,,,,,,,,,,,,,,,,,,,,,,,,,,,,,,,
Experiment File Path:,C:\Users\Public\Documents\Experiments\Roy\20180312_RSV.YPD_LY1-sir2.RW4-20s3_RZM_wellplate4.xpt,,,,,,,,,,,,,,,,,,,,,,,,,,,,,,,,,,,,,,,,,,,,,,,,,
Protocol File Path:,C:\Users\Public\Documents\Protocols\48Costar_48hrYeast.prt,,,,,,,,,,,,,,,,,,,,,,,,,,,,,,,,,,,,,,,,,,,,,,,,,
Plate Number,Plate 1,,,,,,,,,,,,,,,,,,,,,,,,,,,,,,,,,,,,,,,,,,,,,,,,,
Date,2018-03-12,,,,,,,,,,,,,,,,,,,,,,,,,,,,,,,,,,,,,,,,,,,,,,,,,
Time,3:13:53 PM,,,,,,,,,,,,,,,,,,,,,,,,,,,,,,,,,,,,,,,,,,,,,,,,,
Reader Type:,Synergy H1,,,,,,,,,,,,,,,,,,,,,,,,,,,,,,,,,,,,,,,,,,,,,,,,,
Reader Serial Number:,1706221C,,,,,,,,,,,,,,,,,,,,,,,,,,,,,,,,,,,,,,,,,,,,,,,,,
Reading Type,Reader,,,,,,,,,,,,,,,,,,,,,,,,,,,,,,,,,,,,,,,,,,,,,,,,,
,,,,,,,,,,,,,,,,,,,,,,,,,,,,,,,,,,,,,,,,,,,,,,,,,,
Procedure Details,,,,,,,,,,,,,,,,,,,,,,,,,,,,,,,,,,,,,,,,,,,,,,,,,,
Plate Type,Costar 48 well,,,,,,,,,,,,,,,,,,,,,,,,,,,,,,,,,,,,,,,,,,,,,,,,,
Eject plate on completion,,,,,,,,,,,,,,,,,,,,,,,,,,,,,,,,,,,,,,,,,,,,,,,,,,
Set Temperature,Setpoint 30°C,,,,,,,,,,,,,,,,,,,,,,,,,,,,,,,,,,,,,,,,,,,,,,,,,
,Preheat before moving to next step,,,,,,,,,,,,,,,,,,,,,,,,,,,,,,,,,,,,,,,,,,,,,,,,,
Shake,Orbital: 0:10 (MM:SS),,,,,,,,,,,,,,,,,,,,,,,,,,,,,,,,,,,,,,,,,,,,,,,,,
,Frequency: 425 cpm (3 mm),,,,,,,,,,,,,,,,,,,,,,,,,,,,,,,,,,,,,,,,,,,,,,,,,
Read,Absorbance Endpoint,,,,,,,,,,,,,,,,,,,,,,,,,,,,,,,,,,,,,,,,,,,,,,,,,
,Full Plate,,,,,,,,,,,,,,,,,,,,,,,,,,,,,,,,,,,,,,,,,,,,,,,,,
,Wavelengths:  600,,,,,,,,,,,,,,,,,,,,,,,,,,,,,,,,,,,,,,,,,,,,,,,,,
,"Read Speed: Normal,  Delay: 100 msec,  Measurements/Data Point: 8",,,,,,,,,,,,,,,,,,,,,,,,,,,,,,,,,,,,,,,,,,,,,,,,,
Start Kinetic,"Runtime 48:00:00 (HH:MM:SS), Interval 0:15:00, 193 Reads",,,,,,,,,,,,,,,,,,,,,,,,,,,,,,,,,,,,,,,,,,,,,,,,,
    Shake,Orbital: Continuous,,,,,,,,,,,,,,,,,,,,,,,,,,,,,,,,,,,,,,,,,,,,,,,,,
,Frequency: 425 cpm (3 mm),,,,,,,,,,,,,,,,,,,,,,,,,,,,,,,,,,,,,,,,,,,,,,,,,
    Read,Absorbance Endpoint,,,,,,,,,,,,,,,,,,,,,,,,,,,,,,,,,,,,,,,,,,,,,,,,,
,Full Plate,,,,,,,,,,,,,,,,,,,,,,,,,,,,,,,,,,,,,,,,,,,,,,,,,
,Wavelengths:  600,,,,,,,,,,,,,,,,,,,,,,,,,,,,,,,,,,,,,,,,,,,,,,,,,
,"Read Speed: Normal,  Delay: 100 msec,  Measurements/Data Point: 8",,,,,,,,,,,,,,,,,,,,,,,,,,,,,,,,,,,,,,,,,,,,,,,,,
End Kinetic,,,,,,,,,,,,,,,,,,,,,,,,,,,,,,,,,,,,,,,,,,,,,,,,,,
,,,,,,,,,,,,,,,,,,,,,,,,,,,,,,,,,,,,,,,,,,,,,,,,,,
Layout,,,,,,,,,,,,,,,,,,,,,,,,,,,,,,,,,,,,,,,,,,,,,,,,,,
,,,,,,,,,,,,,,,,,,,,,,,,,,,,,,,,,,,,,,,,,,,,,,,,,,
,,1,2,3,4,5,6,7,8,,,,,,,,,,,,,,,,,,,,,,,,,,,,,,,,,,,,,,,,,
,A,SPL1,SPL7,SPL13,SPL19,SPL25,SPL31,SPL37,SPL43,Well ID,,,,,,,,,,,,,,,,,,,,,,,,,,,,,,,,,,,,,,,,
,B,SPL2,SPL8,SPL14,SPL20,SPL26,SPL32,SPL38,SPL44,Well ID,,,,,,,,,,,,,,,,,,,,,,,,,,,,,,,,,,,,,,,,
,C,SPL3,SPL9,SPL15,SPL21,SPL27,SPL33,SPL39,SPL45,Well ID,,,,,,,,,,,,,,,,,,,,,,,,,,,,,,,,,,,,,,,,
,D,SPL4,SPL10,SPL16,SPL22,SPL28,SPL34,SPL40,SPL46,Well ID,,,,,,,,,,,,,,,,,,,,,,,,,,,,,,,,,,,,,,,,
,E,SPL5,SPL11,SPL17,SPL23,SPL29,SPL35,SPL41,SPL47,Well ID,,,,,,,,,,,,,,,,,,,,,,,,,,,,,,,,,,,,,,,,
,F,SPL6,SPL12,SPL18,SPL24,SPL30,SPL36,SPL42,SPL48,Well ID,,,,,,,,,,,,,,,,,,,,,,,,,,,,,,,,,,,,,,,,
,,,,,,,,,,,,,,,,,,,,,,,,,,,,,,,,,,,,,,,,,,,,,,,,,,
Results,,,,,,,,,,,,,,,,,,,,,,,,,,,,,,,,,,,,,,,,,,,,,,,,,,
Actual Temperature:,30.1,,,,,,,,,,,,,,,,,,,,,,,,,,,,,,,,,,,,,,,,,,,,,,,,,
,,,,,,,,,,,,,,,,,,,,,,,,,,,,,,,,,,,,,,,,,,,,,,,,,,
,,1,2,3,4,5,6,7,8,,,,,,,,,,,,,,,,,,,,,,,,,,,,,,,,,,,,,,,,,
,A,0.143,0.146,0.147,0.114,0.137,0.134,0.156,0.113,Read 1:600,,,,,,,,,,,,,,,,,,,,,,,,,,,,,,,,,,,,,,,,
,B,0.17,0.234,0.205,0.113,0.179,0.29,0.159,0.112,Read 1:600,,,,,,,,,,,,,,,,,,,,,,,,,,,,,,,,,,,,,,,,
,C,0.22,0.199,0.188,0.114,0.152,0.168,0.193,0.113,Read 1:600,,,,,,,,,,,,,,,,,,,,,,,,,,,,,,,,,,,,,,,,
,D,0.182,0.153,0.199,0.112,0.169,0.199,0.151,0.113,Read 1:600,,,,,,,,,,,,,,,,,,,,,,,,,,,,,,,,,,,,,,,,
,E,0.251,0.157,0.216,0.113,0.178,0.179,0.177,0.113,Read 1:600,,,,,,,,,,,,,,,,,,,,,,,,,,,,,,,,,,,,,,,,
,F,0.16,0.188,0.177,0.113,0.162,0.164,0.196,0.114,Read 1:600,,,,,,,,,,,,,,,,,,,,,,,,,,,,,,,,,,,,,,,,
,,,,,,,,,,,,,,,,,,,,,,,,,,,,,,,,,,,,,,,,,,,,,,,,,,
Read 2:600,,,,,,,,,,,,,,,,,,,,,,,,,,,,,,,,,,,,,,,,,,,,,,,,,,
,,,,,,,,,,,,,,,,,,,,,,,,,,,,,,,,,,,,,,,,,,,,,,,,,,
,Time,T° Read 2:600,A1,A2,A3,A4,A5,A6,A7,A8,B1,B2,B3,B4,B5,B6,B7,B8,C1,C2,C3,C4,C5,C6,C7,C8,D1,D2,D3,D4,D5,D6,D7,D8,E1,E2,E3,E4,E5,E6,E7,E8,F1,F2,F3,F4,F5,F6,F7,F8
,00:14:33,30,0.162,0.146,0.149,0.113,0.148,0.15,0.154,0.112,0.225,0.269,0.273,0.112,0.241,0.331,0.224,0.112,0.241,0.271,0.254,0.114,0.226,0.227,0.284,0.113,0.25,0.235,0.286,0.113,0.258,0.257,0.195,0.113,0.295,0.202,0.293,0.113,0.227,0.222,0.244,0.112,0.204,0.262,0.241,0.112,0.228,0.196,0.256,0.113
,00:29:33,30,0.167,0.149,0.15,0.113,0.152,0.152,0.158,0.112,0.239,0.275,0.283,0.112,0.248,0.336,0.243,0.112,0.253,0.3,0.274,0.114,0.259,0.241,0.32,0.113,0.267,0.25,0.314,0.113,0.275,0.293,0.206,0.113,0.325,0.214,0.311,0.113,0.249,0.232,0.255,0.113,0.208,0.267,0.247,0.112,0.235,0.202,0.27,0.113
,00:44:33,30,0.17,0.151,0.152,0.113,0.155,0.156,0.163,0.112,0.253,0.287,0.296,0.112,0.26,0.344,0.267,0.112,0.261,0.325,0.297,0.114,0.294,0.257,0.358,0.113,0.279,0.262,0.333,0.113,0.292,0.33,0.217,0.113,0.331,0.224,0.309,0.113,0.27,0.251,0.276,0.112,0.204,0.26,0.246,0.115,0.244,0.21,0.278,0.113
,00:59:33,30.1,0.172,0.153,0.155,0.113,0.159,0.161,0.17,0.112,0.273,0.308,0.322,0.112,0.272,0.355,0.294,0.112,0.276,0.352,0.316,0.114,0.337,0.27,0.389,0.113,0.294,0.284,0.337,0.113,0.304,0.367,0.234,0.113,0.348,0.241,0.322,0.113,0.291,0.27,0.297,0.112,0.205,0.262,0.251,0.112,0.249,0.217,0.283,0.113
,01:14:33,30.1,0.172,0.155,0.16,0.113,0.167,0.169,0.176,0.112,0.307,0.327,0.349,0.113,0.289,0.369,0.32,0.112,0.292,0.393,0.35,0.114,0.379,0.287,0.419,0.113,0.312,0.309,0.349,0.113,0.327,0.417,0.256,0.113,0.377,0.258,0.33,0.113,0.308,0.285,0.312,0.113,0.21,0.269,0.262,0.112,0.255,0.225,0.292,0.113
,01:29:33,30.1,0.179,0.159,0.164,0.113,0.176,0.176,0.182,0.112,0.364,0.352,0.386,0.113,0.302,0.387,0.353,0.113,0.32,0.437,0.39,0.114,0.421,0.309,0.453,0.113,0.329,0.327,0.375,0.113,0.351,0.466,0.281,0.113,0.411,0.28,0.343,0.113,0.329,0.301,0.331,0.113,0.218,0.276,0.276,0.112,0.266,0.234,0.309,0.113
,01:44:33,30.1,0.185,0.165,0.171,0.113,0.187,0.183,0.192,0.112,0.418,0.379,0.418,0.112,0.316,0.409,0.391,0.112,0.353,0.469,0.428,0.114,0.456,0.332,0.485,0.113,0.359,0.365,0.412,0.113,0.378,0.507,0.31,0.113,0.431,0.303,0.36,0.113,0.351,0.321,0.353,0.113,0.226,0.287,0.297,0.112,0.281,0.25,0.351,0.113
,01:59:33,30.1,0.195,0.17,0.178,0.113,0.199,0.194,0.204,0.112,0.468,0.405,0.446,0.112,0.325,0.425,0.422,0.112,0.38,0.499,0.456,0.114,0.489,0.352,0.515,0.113,0.399,0.4,0.446,0.113,0.405,0.543,0.339,0.113,0.457,0.325,0.38,0.113,0.371,0.338,0.371,0.113,0.239,0.3,0.32,0.112,0.3,0.269,0.404,0.113
,02:14:33,30.1,0.213,0.176,0.185,0.113,0.213,0.207,0.217,0.112,0.531,0.436,0.481,0.112,0.346,0.449,0.45,0.112,0.409,0.534,0.488,0.114,0.533,0.379,0.554,0.113,0.444,0.434,0.475,0.113,0.436,0.584,0.363,0.113,0.5,0.356,0.416,0.113,0.392,0.359,0.392,0.113,0.26,0.325,0.35,0.112,0.334,0.312,0.441,0.113
,02:29:33,30,0.23,0.183,0.191,0.113,0.229,0.222,0.234,0.112,0.606,0.477,0.527,0.112,0.369,0.484,0.486,0.112,0.448,0.583,0.533,0.114,0.584,0.411,0.601,0.113,0.502,0.486,0.524,0.113,0.471,0.635,0.394,0.113,0.546,0.394,0.461,0.113,0.424,0.388,0.419,0.112,0.283,0.355,0.387,0.112,0.371,0.366,0.483,0.113
,02:44:33,30.1,0.25,0.191,0.198,0.113,0.246,0.242,0.251,0.112,0.671,0.522,0.571,0.112,0.397,0.52,0.524,0.112,0.493,0.644,0.585,0.114,0.633,0.444,0.65,0.113,0.561,0.547,0.582,0.113,0.511,0.689,0.43,0.113,0.591,0.43,0.5,0.113,0.467,0.423,0.459,0.113,0.307,0.384,0.422,0.112,0.404,0.421,0.524,0.113
,02:59:33,30.1,0.271,0.201,0.207,0.113,0.261,0.267,0.274,0.112,0.73,0.561,0.615,0.112,0.426,0.556,0.568,0.112,0.536,0.699,0.638,0.114,0.681,0.48,0.701,0.113,0.613,0.605,0.636,0.113,0.556,0.744,0.47,0.113,0.633,0.465,0.539,0.113,0.508,0.466,0.504,0.113,0.334,0.414,0.453,0.112,0.442,0.471,0.57,0.113
,03:14:33,30,0.292,0.21,0.221,0.113,0.278,0.288,0.299,0.112,0.785,0.602,0.658,0.113,0.458,0.596,0.611,0.112,0.585,0.758,0.691,0.115,0.732,0.517,0.752,0.113,0.663,0.655,0.684,0.112,0.6,0.796,0.51,0.113,0.683,0.511,0.586,0.113,0.549,0.502,0.546,0.113,0.363,0.45,0.494,0.112,0.483,0.512,0.612,0.114
,03:29:33,30.1,0.305,0.222,0.233,0.113,0.297,0.315,0.325,0.112,0.853,0.649,0.708,0.112,0.492,0.637,0.655,0.112,0.64,0.821,0.75,0.114,0.792,0.561,0.804,0.113,0.719,0.712,0.738,0.112,0.651,0.854,0.553,0.113,0.748,0.569,0.648,0.113,0.591,0.54,0.587,0.113,0.405,0.495,0.549,0.112,0.526,0.557,0.657,0.113
,03:44:33,30.1,0.317,0.235,0.248,0.113,0.315,0.342,0.349,0.112,0.926,0.703,0.766,0.112,0.536,0.689,0.709,0.112,0.702,0.889,0.819,0.114,0.854,0.612,0.866,0.113,0.785,0.777,0.806,0.112,0.709,0.915,0.605,0.113,0.814,0.628,0.711,0.113,0.635,0.581,0.626,0.113,0.448,0.542,0.601,0.112,0.576,0.608,0.713,0.114
,03:59:33,30.1,0.32,0.252,0.267,0.113,0.339,0.37,0.376,0.112,1.004,0.762,0.828,0.112,0.582,0.743,0.764,0.112,0.769,0.961,0.889,0.114,0.921,0.666,0.925,0.113,0.857,0.85,0.873,0.113,0.768,0.976,0.662,0.113,0.874,0.687,0.77,0.113,0.69,0.634,0.677,0.113,0.49,0.586,0.651,0.112,0.633,0.66,0.768,0.113
,04:14:33,30.1,0.345,0.271,0.288,0.113,0.366,0.401,0.404,0.112,1.075,0.821,0.889,0.112,0.634,0.805,0.83,0.112,0.84,1.033,0.956,0.115,0.981,0.72,0.983,0.112,0.921,0.922,0.939,0.113,0.835,1.038,0.723,0.113,0.933,0.748,0.831,0.113,0.749,0.692,0.736,0.113,0.536,0.638,0.705,0.112,0.687,0.719,0.82,0.113
,04:29:33,30.1,0.392,0.295,0.311,0.113,0.396,0.439,0.436,0.112,1.144,0.879,0.95,0.112,0.686,0.862,0.888,0.112,0.907,1.102,1.025,0.115,1.039,0.775,1.044,0.112,0.988,0.99,1.004,0.113,0.9,1.09,0.777,0.112,1.002,0.818,0.902,0.113,0.809,0.75,0.8,0.113,0.595,0.699,0.768,0.112,0.746,0.773,0.874,0.114
,04:44:33,30.1,0.413,0.327,0.342,0.113,0.429,0.479,0.471,0.112,1.211,0.94,1.013,0.112,0.74,0.919,0.946,0.112,0.985,1.173,1.098,0.116,1.101,0.836,1.102,0.113,1.055,1.062,1.073,0.112,0.966,1.15,0.843,0.113,1.072,0.895,0.978,0.113,0.87,0.809,0.863,0.113,0.653,0.763,0.836,0.112,0.807,0.827,0.928,0.113
,04:59:33,30.1,0.397,0.36,0.377,0.113,0.467,0.522,0.513,0.112,1.279,1.003,1.077,0.112,0.801,0.979,1.008,0.113,1.058,1.242,1.167,0.116,1.164,0.897,1.161,0.112,1.121,1.136,1.142,0.112,1.028,1.211,0.91,0.113,1.143,0.971,1.051,0.113,0.925,0.867,0.923,0.113,0.711,0.83,0.897,0.112,0.872,0.889,0.99,0.114
,05:14:33,30,0.443,0.398,0.412,0.113,0.512,0.573,0.56,0.112,1.345,1.07,1.142,0.112,0.863,1.039,1.065,0.112,1.139,1.311,1.236,0.116,1.227,0.961,1.216,0.113,1.188,1.207,1.21,0.112,1.093,1.276,0.979,0.113,1.208,1.042,1.121,0.113,0.989,0.924,0.984,0.113,0.769,0.89,0.961,0.112,0.935,0.954,1.047,0.114
,05:29:33,30,0.662,0.442,0.461,0.113,0.563,0.629,0.612,0.112,1.409,1.133,1.209,0.112,0.931,1.105,1.127,0.112,1.215,1.376,1.302,0.114,1.285,1.027,1.273,0.114,1.254,1.277,1.278,0.112,1.161,1.329,1.044,0.113,1.269,1.113,1.193,0.113,1.057,0.99,1.048,0.113,0.826,0.954,1.024,0.112,0.995,1.016,1.105,0.114
,05:44:33,30.1,0.783,0.51,0.508,0.113,0.625,0.695,0.672,0.112,1.467,1.197,1.271,0.112,0.996,1.168,1.19,0.112,1.286,1.44,1.369,0.114,1.344,1.088,1.326,0.112,1.319,1.347,1.344,0.113,1.226,1.387,1.113,0.113,1.332,1.184,1.261,0.113,1.122,1.056,1.113,0.112,0.889,1.02,1.093,0.112,1.055,1.073,1.157,0.113
,05:59:33,30.1,0.961,0.6,0.575,0.113,0.701,0.769,0.749,0.112,1.524,1.257,1.33,0.112,1.062,1.228,1.246,0.112,1.358,1.499,1.431,0.114,1.395,1.153,1.38,0.112,1.383,1.413,1.409,0.112,1.288,1.437,1.179,0.113,1.393,1.257,1.334,0.113,1.189,1.119,1.183,0.112,0.956,1.089,1.16,0.111,1.112,1.135,1.206,0.112
,06:14:33,30.1,1.108,0.693,0.646,0.113,0.778,0.846,0.825,0.112,1.582,1.319,1.392,0.112,1.126,1.284,1.307,0.112,1.422,1.555,1.493,0.114,1.451,1.213,1.431,0.114,1.443,1.481,1.473,0.112,1.352,1.489,1.246,0.112,1.455,1.324,1.401,0.113,1.253,1.184,1.247,0.112,1.022,1.157,1.228,0.111,1.177,1.192,1.259,0.114
,06:29:33,30.1,1.211,0.802,0.741,0.113,0.868,0.926,0.911,0.112,1.635,1.381,1.45,0.112,1.192,1.342,1.36,0.112,1.486,1.606,1.549,0.116,1.501,1.278,1.481,0.113,1.501,1.54,1.532,0.113,1.413,1.537,1.309,0.112,1.51,1.388,1.466,0.113,1.315,1.248,1.315,0.112,1.081,1.222,1.291,0.112,1.23,1.254,1.316,0.113
,06:44:33,30.1,1.272,0.915,0.855,0.113,0.968,1.02,1.016,0.112,1.685,1.441,1.506,0.112,1.256,1.395,1.411,0.112,1.539,1.652,1.599,0.117,1.548,1.337,1.527,0.113,1.555,1.599,1.587,0.113,1.472,1.583,1.371,0.113,1.564,1.448,1.533,0.113,1.379,1.31,1.375,0.112,1.142,1.284,1.353,0.111,1.29,1.306,1.361,0.114
,06:59:33,30.1,1.396,1.046,0.975,0.113,1.057,1.1,1.11,0.112,1.731,1.496,1.561,0.112,1.32,1.446,1.462,0.112,1.588,1.694,1.648,0.115,1.591,1.395,1.572,0.113,1.602,1.652,1.639,0.113,1.532,1.625,1.423,0.114,1.612,1.504,1.588,0.113,1.435,1.371,1.432,0.112,1.202,1.345,1.41,0.111,1.343,1.363,1.407,0.114
,07:14:33,30.1,1.504,1.128,1.057,0.113,1.144,1.183,1.206,0.112,1.772,1.551,1.613,0.112,1.379,1.495,1.508,0.112,1.635,1.735,1.69,0.118,1.632,1.451,1.611,0.113,1.649,1.701,1.683,0.113,1.584,1.662,1.476,0.112,1.656,1.558,1.639,0.113,1.484,1.43,1.488,0.112,1.261,1.403,1.466,0.111,1.398,1.408,1.455,0.113
,07:29:33,30.1,1.555,1.171,1.106,0.113,1.237,1.269,1.298,0.112,1.812,1.604,1.661,0.112,1.435,1.543,1.553,0.112,1.677,1.77,1.73,0.116,1.668,1.504,1.651,0.113,1.692,1.747,1.728,0.113,1.632,1.695,1.526,0.112,1.698,1.61,1.685,0.113,1.541,1.492,1.55,0.112,1.323,1.457,1.518,0.112,1.449,1.456,1.498,0.117
,07:44:33,30.1,1.631,1.187,1.143,0.113,1.31,1.345,1.376,0.112,1.849,1.654,1.707,0.112,1.487,1.587,1.593,0.111,1.715,1.803,1.766,0.117,1.706,1.553,1.686,0.113,1.731,1.788,1.77,0.113,1.676,1.728,1.573,0.112,1.737,1.654,1.729,0.113,1.592,1.546,1.598,0.112,1.378,1.509,1.569,0.111,1.499,1.505,1.541,0.113
,07:59:33,30.1,1.646,1.208,1.186,0.113,1.378,1.416,1.455,0.112,1.881,1.7,1.748,0.112,1.532,1.627,1.627,0.111,1.752,1.837,1.803,0.115,1.738,1.599,1.719,0.113,1.767,1.829,1.808,0.113,1.715,1.759,1.616,0.114,1.771,1.696,1.773,0.113,1.641,1.596,1.645,0.112,1.43,1.558,1.617,0.112,1.542,1.547,1.58,0.112
,08:14:33,30.1,1.722,1.158,1.218,0.113,1.44,1.481,1.524,0.112,1.912,1.742,1.786,0.112,1.58,1.663,1.671,0.111,1.785,1.867,1.836,0.117,1.767,1.642,1.752,0.113,1.806,1.871,1.845,0.113,1.751,1.787,1.66,0.115,1.806,1.739,1.812,0.113,1.687,1.649,1.689,0.112,1.48,1.601,1.66,0.111,1.584,1.589,1.616,0.112
,08:29:33,30.1,1.747,1.209,1.248,0.113,1.5,1.534,1.572,0.112,1.938,1.781,1.823,0.112,1.623,1.701,1.704,0.111,1.817,1.896,1.869,0.117,1.796,1.681,1.782,0.113,1.842,1.905,1.883,0.113,1.782,1.815,1.7,0.114,1.836,1.773,1.847,0.113,1.726,1.696,1.728,0.112,1.527,1.646,1.697,0.111,1.628,1.627,1.66,0.118
,08:44:33,30.1,1.783,1.254,1.357,0.113,1.542,1.584,1.614,0.113,1.967,1.817,1.857,0.112,1.663,1.732,1.737,0.111,1.85,1.923,1.9,0.116,1.826,1.717,1.808,0.113,1.875,1.938,1.915,0.113,1.817,1.842,1.738,0.112,1.867,1.812,1.88,0.113,1.764,1.74,1.764,0.112,1.569,1.687,1.734,0.114,1.669,1.668,1.692,0.112
,08:59:33,30.1,1.777,1.476,1.506,0.113,1.581,1.626,1.643,0.113,1.991,1.852,1.889,0.112,1.701,1.77,1.769,0.111,1.879,1.946,1.925,0.116,1.851,1.75,1.833,0.112,1.903,1.968,1.943,0.113,1.844,1.865,1.772,0.112,1.894,1.844,1.911,0.113,1.806,1.782,1.797,0.112,1.607,1.723,1.771,0.116,1.7,1.704,1.72,0.113
,09:14:33,30.1,1.817,1.347,1.455,0.113,1.629,1.665,1.683,0.113,2.016,1.886,1.92,0.112,1.739,1.802,1.796,0.111,1.906,1.966,1.947,0.117,1.876,1.79,1.859,0.113,1.93,1.995,1.972,0.113,1.883,1.889,1.801,0.112,1.92,1.878,1.936,0.113,1.837,1.819,1.829,0.112,1.644,1.762,1.804,0.113,1.74,1.736,1.751,0.117
,09:29:33,30.1,1.843,1.231,1.426,0.113,1.678,1.703,1.712,0.114,2.038,1.917,1.948,0.112,1.775,1.831,1.827,0.111,1.934,1.983,1.966,0.117,1.902,1.818,1.886,0.113,1.954,2.015,1.992,0.113,1.911,1.912,1.831,0.112,1.947,1.908,1.956,0.113,1.864,1.859,1.86,0.112,1.678,1.793,1.84,0.111,1.777,1.771,1.779,0.112
,09:44:33,30.1,1.836,1.206,1.448,0.113,1.708,1.737,1.73,0.113,2.055,1.946,1.974,0.112,1.808,1.863,1.853,0.111,1.954,1.996,1.983,0.115,1.924,1.851,1.909,0.112,1.973,2.033,2.01,0.114,1.935,1.931,1.858,0.112,1.966,1.935,1.976,0.113,1.892,1.89,1.888,0.112,1.71,1.827,1.87,0.116,1.814,1.801,1.803,0.112
,09:59:33,30.1,1.861,1.258,1.473,0.113,1.74,1.768,1.753,0.113,2.07,1.971,1.995,0.113,1.842,1.884,1.876,0.112,1.973,2.009,1.997,0.117,1.942,1.878,1.927,0.113,1.988,2.046,2.026,0.113,1.954,1.948,1.884,0.113,1.984,1.964,1.989,0.113,1.918,1.917,1.909,0.112,1.743,1.858,1.901,0.114,1.849,1.821,1.815,0.113
,10:14:33,30,1.824,1.278,1.509,0.113,1.772,1.796,1.77,0.113,2.082,1.993,2.013,0.112,1.87,1.907,1.899,0.111,1.991,2.021,2.008,0.12,1.96,1.9,1.948,0.113,2.003,2.058,2.039,0.114,1.973,1.963,1.909,0.113,2.004,1.984,2,0.113,1.938,1.941,1.93,0.112,1.771,1.881,1.927,0.119,1.89,1.855,1.839,0.114
,10:29:33,30,1.805,1.382,1.536,0.113,1.796,1.819,1.791,0.112,2.094,2.01,2.026,0.112,1.894,1.931,1.919,0.112,2.008,2.03,2.019,0.118,1.977,1.92,1.962,0.113,2.019,2.068,2.051,0.114,1.988,1.978,1.936,0.112,2.021,2.004,2.011,0.113,1.954,1.956,1.947,0.112,1.798,1.902,1.949,0.119,1.922,1.882,1.862,0.118
,10:44:33,30.1,1.819,1.379,1.562,0.113,1.818,1.84,1.809,0.115,2.102,2.025,2.039,0.112,1.916,1.951,1.937,0.112,2.02,2.038,2.027,0.117,1.991,1.935,1.979,0.113,2.032,2.078,2.059,0.113,1.998,1.989,1.96,0.113,2.039,2.023,2.023,0.113,1.968,1.97,1.959,0.112,1.826,1.92,1.972,0.121,1.952,1.902,1.878,0.113
,10:59:33,30.1,1.887,1.388,1.599,0.114,1.842,1.861,1.831,0.113,2.11,2.036,2.048,0.113,1.935,1.967,1.951,0.111,2.035,2.047,2.035,0.118,2.001,1.952,1.994,0.113,2.044,2.085,2.067,0.114,2.013,1.999,1.975,0.113,2.055,2.04,2.031,0.113,1.981,1.986,1.972,0.112,1.859,1.938,1.992,0.121,1.967,1.917,1.907,0.117
,11:14:33,30.1,1.912,1.425,1.601,0.114,1.867,1.873,1.839,0.113,2.115,2.046,2.056,0.113,1.947,1.979,1.965,0.111,2.047,2.053,2.041,0.119,2.011,1.965,2.004,0.113,2.055,2.091,2.072,0.114,2.021,2.005,1.991,0.113,2.064,2.055,2.037,0.113,1.992,1.995,1.981,0.112,1.894,1.956,2.013,0.121,1.982,1.933,1.944,0.113
,11:29:33,30.1,1.94,1.485,1.611,0.114,1.879,1.883,1.851,0.112,2.122,2.054,2.062,0.112,1.962,1.989,1.975,0.111,2.058,2.057,2.047,0.117,2.022,1.977,2.014,0.113,2.069,2.095,2.078,0.114,2.027,2.014,2.004,0.112,2.079,2.064,2.045,0.113,1.996,2.005,1.994,0.112,1.933,1.972,2.033,0.123,1.994,1.953,2.037,0.114
,11:44:33,30.1,1.941,1.528,1.587,0.114,1.888,1.896,1.862,0.113,2.128,2.061,2.067,0.112,1.973,1.996,1.985,0.111,2.067,2.062,2.05,0.116,2.03,1.986,2.026,0.112,2.075,2.1,2.083,0.113,2.036,2.023,2.017,0.113,2.096,2.076,2.05,0.113,2.007,2.015,2,0.112,2.025,1.992,2.055,0.114,2.017,1.969,2.119,0.114
,11:59:33,30,1.927,1.57,1.598,0.113,1.891,1.901,1.858,0.114,2.13,2.067,2.071,0.113,1.979,2.004,1.991,0.111,2.073,2.065,2.054,0.115,2.035,1.996,2.031,0.112,2.084,2.104,2.087,0.113,2.041,2.03,2.026,0.113,2.126,2.084,2.057,0.113,2.012,2.022,2.009,0.112,2.087,2.007,2.087,0.116,2.05,1.989,2.163,0.115
,12:14:33,30.1,1.929,1.577,1.577,0.114,1.903,1.911,1.867,0.113,2.136,2.071,2.074,0.112,1.989,2.009,2,0.111,2.087,2.07,2.059,0.116,2.044,2.004,2.039,0.113,2.094,2.108,2.091,0.113,2.047,2.035,2.037,0.113,2.156,2.093,2.062,0.113,2.017,2.03,2.016,0.112,2.118,2.039,2.146,0.118,2.12,2.1,2.186,0.113
,12:29:33,30.1,1.927,1.593,1.574,0.114,1.911,1.913,1.866,0.113,2.147,2.075,2.079,0.112,1.998,2.016,2.005,0.111,2.1,2.073,2.062,0.118,2.05,2.008,2.045,0.113,2.102,2.111,2.094,0.114,2.054,2.042,2.045,0.113,2.172,2.1,2.065,0.113,2.022,2.035,2.023,0.112,2.142,2.095,2.172,0.128,2.157,2.155,2.197,0.115
,12:44:33,30.1,1.95,1.613,1.533,0.114,1.915,1.917,1.861,0.113,2.161,2.079,2.08,0.113,2.003,2.02,2.012,0.111,2.125,2.076,2.064,0.12,2.054,2.013,2.052,0.112,2.109,2.114,2.097,0.113,2.061,2.044,2.051,0.113,2.177,2.106,2.07,0.113,2.026,2.041,2.026,0.112,2.158,2.143,2.189,0.112,2.18,2.182,2.205,0.114
,12:59:33,30.1,1.968,1.636,1.521,0.113,1.914,1.917,1.855,0.113,2.168,2.082,2.082,0.114,2.008,2.021,2.01,0.111,2.157,2.078,2.066,0.117,2.058,2.017,2.054,0.112,2.114,2.115,2.099,0.113,2.064,2.047,2.053,0.113,2.18,2.113,2.073,0.113,2.032,2.047,2.031,0.112,2.166,2.16,2.199,0.112,2.197,2.199,2.21,0.114
,13:14:33,30.1,1.975,1.666,1.501,0.114,1.916,1.921,1.847,0.113,2.177,2.084,2.084,0.113,2.014,2.027,2.016,0.111,2.185,2.082,2.069,0.119,2.062,2.022,2.064,0.113,2.12,2.117,2.102,0.113,2.068,2.052,2.056,0.115,2.186,2.118,2.076,0.113,2.037,2.051,2.039,0.112,2.176,2.168,2.207,0.115,2.208,2.209,2.212,0.117
,13:29:33,30.1,2.005,1.684,1.474,0.114,1.919,1.923,1.842,0.111,2.184,2.087,2.087,0.113,2.017,2.03,2.021,0.111,2.206,2.085,2.072,0.116,2.067,2.028,2.068,0.113,2.131,2.119,2.104,0.113,2.074,2.053,2.068,0.112,2.191,2.122,2.08,0.113,2.04,2.054,2.042,0.112,2.181,2.175,2.207,0.112,2.217,2.214,2.213,0.113
,13:44:33,30.1,2.021,1.7,1.469,0.113,1.914,1.921,1.829,0.111,2.19,2.089,2.088,0.113,2.022,2.034,2.022,0.111,2.219,2.086,2.073,0.117,2.07,2.03,2.07,0.112,2.155,2.12,2.106,0.113,2.078,2.058,2.073,0.112,2.2,2.131,2.082,0.113,2.042,2.058,2.046,0.112,2.179,2.188,2.217,0.123,2.219,2.221,2.217,0.114
,13:59:33,30.1,2.034,1.707,1.439,0.114,1.917,1.924,1.822,0.112,2.193,2.091,2.089,0.115,2.028,2.037,2.026,0.111,2.229,2.087,2.075,0.116,2.071,2.033,2.076,0.113,2.196,2.122,2.108,0.113,2.079,2.058,2.075,0.113,2.2,2.137,2.083,0.113,2.045,2.058,2.05,0.112,2.183,2.191,2.224,0.112,2.223,2.222,2.218,0.116
,14:14:33,30.1,2.042,1.724,1.377,0.114,1.91,1.919,1.807,0.113,2.196,2.094,2.09,0.113,2.031,2.036,2.03,0.111,2.238,2.089,2.077,0.119,2.075,2.041,2.081,0.112,2.222,2.124,2.111,0.114,2.081,2.061,2.083,0.116,2.203,2.138,2.088,0.113,2.048,2.063,2.052,0.112,2.187,2.192,2.222,0.124,2.224,2.225,2.218,0.112
,14:29:33,30.1,2.059,1.73,1.386,0.114,1.903,1.921,1.807,0.112,2.199,2.096,2.091,0.113,2.031,2.039,2.029,0.111,2.247,2.091,2.078,0.121,2.077,2.038,2.085,0.113,2.238,2.125,2.113,0.113,2.084,2.063,2.084,0.116,2.205,2.145,2.088,0.113,2.05,2.063,2.057,0.112,2.186,2.198,2.23,0.111,2.226,2.228,2.219,0.114
,14:44:33,30.1,2.068,1.743,1.371,0.113,1.893,1.919,1.791,0.112,2.201,2.095,2.092,0.113,2.032,2.04,2.029,0.111,2.251,2.092,2.08,0.117,2.08,2.04,2.087,0.112,2.249,2.126,2.114,0.114,2.088,2.059,2.091,0.113,2.207,2.15,2.09,0.113,2.053,2.068,2.059,0.112,2.187,2.203,2.236,0.141,2.227,2.228,2.219,0.113
,14:59:33,30.1,2.079,1.764,1.416,0.113,1.883,1.92,1.774,0.112,2.201,2.098,2.093,0.113,2.037,2.039,2.029,0.111,2.252,2.093,2.082,0.121,2.08,2.042,2.087,0.112,2.256,2.127,2.115,0.113,2.092,2.058,2.096,0.112,2.204,2.155,2.091,0.113,2.053,2.07,2.063,0.112,2.184,2.2,2.231,0.116,2.228,2.229,2.22,0.114
,15:14:33,30.1,2.083,1.744,1.36,0.113,1.866,1.919,1.742,0.111,2.202,2.099,2.094,0.113,2.037,2.041,2.028,0.111,2.257,2.093,2.082,0.117,2.079,2.042,2.088,0.112,2.264,2.127,2.116,0.113,2.095,2.056,2.098,0.112,2.211,2.158,2.092,0.113,2.053,2.071,2.062,0.111,2.185,2.207,2.227,0.116,2.229,2.23,2.22,0.113
,15:29:33,30.1,2.091,1.778,1.43,0.113,1.851,1.933,1.691,0.112,2.203,2.1,2.095,0.114,2.039,2.041,2.031,0.111,2.257,2.096,2.085,0.12,2.081,2.043,2.089,0.112,2.267,2.13,2.117,0.113,2.103,2.056,2.099,0.112,2.21,2.164,2.093,0.113,2.055,2.073,2.067,0.112,2.185,2.21,2.229,0.113,2.231,2.231,2.218,0.115
,15:44:33,30.1,2.091,1.773,1.466,0.113,1.833,1.932,1.606,0.111,2.203,2.101,2.094,0.115,2.04,2.042,2.031,0.111,2.259,2.096,2.084,0.114,2.082,2.044,2.091,0.112,2.27,2.129,2.119,0.114,2.104,2.058,2.1,0.112,2.209,2.168,2.093,0.113,2.058,2.073,2.065,0.111,2.184,2.211,2.234,0.13,2.229,2.23,2.216,0.112
,15:59:33,30.1,2.099,1.768,1.499,0.113,1.816,1.94,1.478,0.112,2.204,2.103,2.096,0.115,2.041,2.04,2.03,0.111,2.261,2.097,2.086,0.115,2.085,2.045,2.089,0.112,2.275,2.132,2.12,0.113,2.112,2.056,2.1,0.112,2.206,2.169,2.094,0.113,2.056,2.074,2.065,0.111,2.183,2.213,2.233,0.136,2.231,2.23,2.218,0.112
,16:14:33,30.1,2.107,1.781,1.556,0.112,1.786,1.94,1.317,0.112,2.204,2.104,2.096,0.113,2.044,2.041,2.03,0.111,2.263,2.097,2.087,0.118,2.083,2.044,2.089,0.112,2.276,2.131,2.12,0.112,2.114,2.056,2.102,0.112,2.212,2.181,2.094,0.113,2.056,2.075,2.065,0.111,2.182,2.212,2.225,0.132,2.23,2.229,2.216,0.116
,16:29:33,30.1,2.115,1.786,1.595,0.112,1.73,1.94,1.18,0.111,2.204,2.103,2.096,0.113,2.044,2.041,2.03,0.111,2.264,2.097,2.088,0.117,2.083,2.045,2.091,0.112,2.28,2.133,2.121,0.113,2.117,2.055,2.1,0.112,2.208,2.189,2.094,0.113,2.057,2.073,2.064,0.111,2.181,2.211,2.22,0.116,2.23,2.228,2.216,0.113
,16:44:33,30.1,2.118,1.804,1.651,0.112,1.628,1.947,1.179,0.112,2.203,2.105,2.097,0.114,2.043,2.042,2.033,0.111,2.266,2.098,2.088,0.119,2.083,2.047,2.093,0.112,2.279,2.133,2.122,0.113,2.123,2.057,2.097,0.115,2.208,2.191,2.095,0.113,2.055,2.075,2.065,0.111,2.18,2.21,2.225,0.112,2.231,2.228,2.215,0.115
,16:59:33,30.1,2.122,1.801,1.685,0.112,1.551,1.944,1.24,0.111,2.203,2.106,2.098,0.113,2.045,2.04,2.029,0.111,2.268,2.099,2.089,0.117,2.081,2.047,2.09,0.112,2.281,2.132,2.122,0.114,2.132,2.056,2.096,0.115,2.207,2.201,2.095,0.113,2.056,2.075,2.065,0.112,2.178,2.215,2.231,0.121,2.229,2.226,2.213,0.116
,17:14:33,30.1,2.125,1.803,1.723,0.112,1.479,1.933,1.321,0.112,2.204,2.106,2.098,0.113,2.049,2.042,2.031,0.111,2.27,2.1,2.09,0.117,2.082,2.048,2.093,0.112,2.284,2.133,2.125,0.114,2.136,2.054,2.096,0.115,2.204,2.21,2.096,0.113,2.056,2.075,2.065,0.111,2.178,2.215,2.23,0.118,2.228,2.226,2.213,0.114
,17:29:33,30.1,2.129,1.804,1.728,0.112,1.373,1.915,1.638,0.111,2.203,2.108,2.098,0.114,2.046,2.042,2.03,0.111,2.271,2.1,2.091,0.118,2.082,2.048,2.092,0.112,2.285,2.134,2.126,0.114,2.141,2.054,2.09,0.112,2.208,2.212,2.093,0.113,2.056,2.075,2.064,0.111,2.176,2.216,2.224,0.117,2.228,2.226,2.214,0.112
,17:44:33,30.1,2.131,1.819,1.748,0.112,1.397,1.88,1.883,0.111,2.205,2.11,2.099,0.114,2.048,2.041,2.031,0.111,2.273,2.1,2.091,0.118,2.083,2.05,2.09,0.112,2.287,2.135,2.127,0.112,2.145,2.051,2.091,0.113,2.201,2.219,2.094,0.113,2.055,2.074,2.065,0.111,2.176,2.217,2.22,0.119,2.227,2.224,2.214,0.112
,17:59:33,30.1,2.133,1.826,1.765,0.112,1.761,1.813,1.97,0.111,2.204,2.11,2.099,0.114,2.047,2.038,2.03,0.111,2.274,2.101,2.093,0.115,2.081,2.052,2.089,0.112,2.289,2.134,2.126,0.113,2.146,2.052,2.087,0.112,2.193,2.218,2.095,0.113,2.055,2.073,2.062,0.111,2.174,2.217,2.219,0.115,2.223,2.224,2.215,0.111
,18:14:33,30.1,2.137,1.836,1.787,0.112,1.995,1.74,2.03,0.111,2.205,2.112,2.1,0.112,2.047,2.04,2.033,0.111,2.273,2.102,2.093,0.119,2.081,2.048,2.092,0.112,2.288,2.134,2.127,0.115,2.147,2.052,2.087,0.113,2.194,2.224,2.095,0.113,2.054,2.072,2.064,0.111,2.173,2.215,2.221,0.112,2.224,2.223,2.214,0.114
,18:29:33,30.1,2.138,1.839,1.81,0.112,2.062,1.998,2.073,0.112,2.204,2.112,2.1,0.114,2.048,2.038,2.031,0.111,2.274,2.103,2.093,0.12,2.081,2.053,2.093,0.112,2.291,2.134,2.129,0.115,2.153,2.049,2.086,0.114,2.198,2.231,2.094,0.114,2.055,2.074,2.065,0.111,2.171,2.211,2.221,0.137,2.223,2.223,2.213,0.112
,18:44:33,30,2.14,1.855,1.82,0.112,2.1,2.084,2.099,0.112,2.203,2.113,2.101,0.112,2.048,2.04,2.031,0.11,2.275,2.102,2.095,0.118,2.082,2.056,2.091,0.112,2.29,2.134,2.129,0.114,2.155,2.051,2.085,0.113,2.206,2.235,2.095,0.114,2.055,2.07,2.063,0.111,2.17,2.212,2.222,0.128,2.221,2.221,2.213,0.111
,18:59:33,30.1,2.142,1.866,1.817,0.112,2.119,2.12,2.112,0.111,2.204,2.114,2.102,0.112,2.048,2.039,2.031,0.111,2.274,2.103,2.095,0.114,2.082,2.056,2.089,0.111,2.294,2.136,2.128,0.114,2.156,2.05,2.082,0.112,2.206,2.236,2.094,0.115,2.056,2.073,2.064,0.111,2.167,2.214,2.219,0.119,2.221,2.221,2.212,0.113
,19:14:33,30.1,2.144,1.887,1.823,0.112,2.132,2.148,2.122,0.111,2.204,2.116,2.103,0.112,2.049,2.039,2.031,0.111,2.274,2.104,2.096,0.115,2.082,2.056,2.09,0.112,2.294,2.135,2.13,0.114,2.155,2.05,2.082,0.113,2.204,2.235,2.095,0.113,2.055,2.071,2.063,0.111,2.163,2.215,2.213,0.114,2.22,2.22,2.212,0.111
,19:29:33,30.1,2.142,1.906,1.824,0.112,2.142,2.161,2.127,0.111,2.202,2.116,2.103,0.112,2.046,2.038,2.032,0.111,2.276,2.104,2.097,0.114,2.082,2.054,2.089,0.112,2.296,2.136,2.13,0.112,2.16,2.048,2.081,0.112,2.198,2.236,2.094,0.113,2.057,2.072,2.061,0.111,2.159,2.213,2.214,0.113,2.219,2.22,2.211,0.111
,19:44:33,30.1,2.141,1.922,1.826,0.112,2.145,2.173,2.135,0.111,2.203,2.118,2.104,0.112,2.046,2.038,2.028,0.11,2.277,2.104,2.096,0.116,2.081,2.057,2.086,0.112,2.297,2.137,2.13,0.114,2.157,2.049,2.081,0.112,2.198,2.236,2.094,0.113,2.054,2.072,2.062,0.111,2.156,2.212,2.214,0.118,2.217,2.22,2.21,0.111
,19:59:33,30.1,2.141,1.968,1.829,0.112,2.15,2.176,2.139,0.112,2.203,2.118,2.103,0.112,2.047,2.039,2.028,0.111,2.278,2.104,2.098,0.118,2.082,2.057,2.087,0.112,2.298,2.137,2.13,0.115,2.155,2.049,2.08,0.112,2.2,2.237,2.094,0.113,2.053,2.075,2.062,0.112,2.15,2.211,2.211,0.111,2.215,2.22,2.209,0.111
,20:14:33,30.1,2.138,1.979,1.848,0.112,2.152,2.181,2.141,0.111,2.202,2.119,2.105,0.112,2.045,2.04,2.029,0.11,2.278,2.105,2.098,0.119,2.08,2.056,2.086,0.111,2.297,2.136,2.129,0.113,2.161,2.048,2.078,0.114,2.2,2.239,2.094,0.113,2.055,2.072,2.062,0.111,2.147,2.212,2.212,0.119,2.215,2.216,2.208,0.113
,20:29:33,30,2.136,1.982,1.863,0.112,2.155,2.186,2.146,0.111,2.201,2.12,2.105,0.112,2.047,2.038,2.03,0.11,2.278,2.105,2.098,0.122,2.084,2.059,2.086,0.112,2.297,2.137,2.13,0.116,2.162,2.049,2.078,0.113,2.201,2.239,2.095,0.113,2.055,2.071,2.065,0.111,2.141,2.211,2.211,0.115,2.215,2.216,2.207,0.111
,20:44:33,30.1,2.132,2.012,1.87,0.111,2.157,2.188,2.15,0.11,2.201,2.121,2.106,0.112,2.046,2.04,2.03,0.11,2.279,2.106,2.099,0.117,2.083,2.057,2.085,0.112,2.297,2.139,2.131,0.115,2.162,2.046,2.076,0.111,2.203,2.241,2.094,0.113,2.055,2.071,2.063,0.111,2.139,2.213,2.212,0.115,2.215,2.215,2.206,0.112
,20:59:33,30.1,2.13,2.029,1.887,0.111,2.162,2.191,2.153,0.112,2.201,2.123,2.107,0.113,2.047,2.039,2.031,0.11,2.277,2.106,2.099,0.125,2.082,2.059,2.087,0.111,2.297,2.138,2.131,0.116,2.168,2.048,2.077,0.111,2.2,2.248,2.095,0.113,2.053,2.071,2.065,0.111,2.137,2.211,2.211,0.111,2.215,2.215,2.204,0.112
,21:14:33,30.1,2.127,2.035,1.897,0.112,2.161,2.192,2.157,0.111,2.201,2.123,2.107,0.113,2.045,2.039,2.031,0.11,2.276,2.106,2.101,0.118,2.081,2.059,2.087,0.112,2.295,2.14,2.128,0.116,2.168,2.047,2.079,0.111,2.198,2.246,2.095,0.113,2.055,2.072,2.062,0.111,2.134,2.21,2.21,0.116,2.214,2.215,2.203,0.111
,21:29:33,30,2.124,2.05,1.928,0.112,2.162,2.191,2.157,0.111,2.2,2.123,2.109,0.113,2.048,2.038,2.034,0.11,2.275,2.107,2.101,0.119,2.083,2.06,2.088,0.112,2.293,2.14,2.129,0.114,2.169,2.048,2.076,0.113,2.203,2.246,2.093,0.114,2.056,2.071,2.063,0.111,2.128,2.211,2.209,0.111,2.214,2.212,2.201,0.113
,21:44:33,30,2.122,2.065,1.934,0.112,2.164,2.195,2.158,0.111,2.199,2.123,2.11,0.113,2.046,2.04,2.034,0.11,2.275,2.107,2.102,0.12,2.082,2.061,2.09,0.112,2.294,2.14,2.129,0.113,2.17,2.047,2.075,0.113,2.21,2.245,2.095,0.113,2.055,2.071,2.062,0.111,2.121,2.211,2.208,0.125,2.212,2.211,2.2,0.111
,21:59:33,30.1,2.12,2.061,1.952,0.111,2.161,2.196,2.161,0.11,2.196,2.123,2.11,0.112,2.048,2.038,2.032,0.11,2.272,2.107,2.103,0.12,2.082,2.06,2.089,0.111,2.294,2.141,2.128,0.114,2.168,2.048,2.073,0.111,2.207,2.244,2.093,0.114,2.054,2.071,2.062,0.11,2.113,2.211,2.207,0.12,2.212,2.211,2.199,0.112
,22:14:33,30.1,2.116,2.075,1.962,0.111,2.161,2.197,2.164,0.11,2.196,2.125,2.111,0.112,2.045,2.039,2.032,0.11,2.271,2.107,2.102,0.117,2.08,2.062,2.089,0.111,2.295,2.142,2.128,0.112,2.17,2.046,2.073,0.112,2.202,2.243,2.094,0.114,2.054,2.071,2.063,0.11,2.109,2.211,2.207,0.117,2.212,2.209,2.198,0.112
,22:29:33,30.1,2.114,2.082,1.985,0.111,2.162,2.195,2.163,0.111,2.196,2.125,2.111,0.112,2.046,2.039,2.033,0.11,2.27,2.107,2.103,0.122,2.081,2.061,2.087,0.111,2.292,2.143,2.13,0.116,2.173,2.048,2.074,0.112,2.196,2.241,2.094,0.114,2.055,2.073,2.062,0.11,2.105,2.21,2.209,0.111,2.21,2.208,2.196,0.111
,22:44:33,30.1,2.11,2.098,1.987,0.111,2.161,2.196,2.165,0.111,2.196,2.125,2.112,0.113,2.045,2.038,2.032,0.11,2.272,2.107,2.104,0.121,2.083,2.063,2.087,0.111,2.291,2.143,2.13,0.116,2.169,2.047,2.073,0.113,2.193,2.244,2.095,0.113,2.055,2.072,2.061,0.11,2.099,2.21,2.206,0.151,2.209,2.207,2.196,0.11
,22:59:33,30.1,2.109,2.102,2.013,0.111,2.163,2.196,2.165,0.11,2.196,2.126,2.113,0.113,2.046,2.038,2.033,0.11,2.271,2.107,2.104,0.114,2.081,2.06,2.085,0.111,2.29,2.143,2.13,0.114,2.176,2.047,2.071,0.111,2.197,2.245,2.094,0.113,2.054,2.073,2.058,0.11,2.096,2.208,2.207,0.11,2.209,2.205,2.194,0.111
,23:14:33,30.1,2.106,2.113,2.025,0.111,2.16,2.198,2.163,0.111,2.195,2.127,2.114,0.113,2.045,2.04,2.033,0.11,2.27,2.107,2.104,0.12,2.081,2.063,2.086,0.111,2.289,2.144,2.131,0.115,2.167,2.047,2.075,0.111,2.198,2.245,2.094,0.113,2.054,2.072,2.06,0.11,2.093,2.207,2.206,0.128,2.209,2.204,2.193,0.111
,23:29:33,30.1,2.103,2.114,2.037,0.111,2.163,2.198,2.166,0.11,2.193,2.127,2.115,0.113,2.046,2.04,2.035,0.11,2.269,2.109,2.104,0.122,2.081,2.062,2.088,0.111,2.287,2.145,2.13,0.114,2.176,2.047,2.075,0.111,2.197,2.246,2.095,0.114,2.054,2.075,2.06,0.11,2.09,2.205,2.204,0.113,2.208,2.204,2.191,0.11
,23:44:33,30.1,2.1,2.122,2.049,0.111,2.162,2.199,2.169,0.111,2.192,2.128,2.115,0.113,2.045,2.04,2.034,0.11,2.266,2.109,2.104,0.116,2.079,2.064,2.087,0.111,2.286,2.145,2.131,0.115,2.174,2.048,2.073,0.111,2.197,2.249,2.094,0.114,2.054,2.074,2.062,0.11,2.089,2.205,2.206,0.129,2.207,2.202,2.189,0.11
,23:59:33,30.1,2.098,2.124,2.057,0.111,2.163,2.197,2.167,0.11,2.19,2.128,2.116,0.113,2.046,2.04,2.034,0.11,2.267,2.109,2.105,0.12,2.08,2.063,2.088,0.112,2.288,2.146,2.131,0.116,2.177,2.047,2.073,0.111,2.197,2.251,2.094,0.113,2.052,2.071,2.062,0.11,2.089,2.205,2.202,0.116,2.207,2.202,2.187,0.112
,24:14:33,30.1,2.095,2.13,2.069,0.111,2.166,2.196,2.168,0.11,2.189,2.127,2.116,0.113,2.045,2.041,2.033,0.11,2.266,2.109,2.105,0.117,2.081,2.062,2.086,0.111,2.287,2.145,2.131,0.113,2.167,2.047,2.07,0.111,2.198,2.249,2.094,0.113,2.054,2.075,2.062,0.11,2.087,2.203,2.203,0.114,2.206,2.202,2.185,0.11
,24:29:33,30,2.092,2.134,2.065,0.111,2.165,2.196,2.168,0.111,2.188,2.129,2.117,0.113,2.048,2.039,2.033,0.11,2.265,2.11,2.106,0.116,2.082,2.061,2.086,0.111,2.285,2.146,2.131,0.117,2.179,2.048,2.07,0.111,2.195,2.245,2.095,0.113,2.055,2.075,2.067,0.11,2.085,2.204,2.203,0.117,2.205,2.201,2.183,0.11
,24:44:33,30.1,2.092,2.14,2.08,0.111,2.164,2.196,2.169,0.111,2.186,2.13,2.118,0.112,2.048,2.039,2.035,0.11,2.264,2.11,2.107,0.12,2.081,2.062,2.086,0.111,2.284,2.146,2.131,0.114,2.172,2.048,2.07,0.111,2.196,2.253,2.095,0.113,2.054,2.074,2.063,0.11,2.085,2.2,2.2,0.133,2.204,2.199,2.181,0.111
,24:59:33,30.1,2.09,2.142,2.082,0.111,2.164,2.195,2.167,0.11,2.184,2.13,2.118,0.112,2.045,2.04,2.035,0.11,2.263,2.11,2.107,0.117,2.08,2.062,2.085,0.111,2.281,2.147,2.132,0.116,2.175,2.045,2.068,0.113,2.196,2.249,2.095,0.114,2.054,2.074,2.061,0.11,2.083,2.197,2.199,0.128,2.203,2.197,2.178,0.113
,25:14:33,30.1,2.089,2.144,2.088,0.111,2.163,2.194,2.165,0.11,2.182,2.13,2.118,0.112,2.048,2.039,2.036,0.11,2.261,2.111,2.107,0.12,2.08,2.064,2.089,0.111,2.281,2.147,2.132,0.114,2.178,2.047,2.067,0.111,2.196,2.251,2.094,0.113,2.053,2.075,2.061,0.11,2.083,2.194,2.198,0.126,2.203,2.196,2.173,0.111
,25:29:33,30.1,2.09,2.151,2.091,0.111,2.163,2.195,2.167,0.11,2.18,2.131,2.119,0.113,2.05,2.04,2.032,0.11,2.26,2.111,2.107,0.119,2.081,2.062,2.088,0.111,2.279,2.149,2.132,0.116,2.176,2.046,2.068,0.111,2.197,2.25,2.094,0.115,2.057,2.076,2.057,0.11,2.082,2.191,2.198,0.112,2.201,2.194,2.171,0.11
,25:44:33,30.1,2.087,2.155,2.098,0.111,2.164,2.195,2.165,0.109,2.181,2.131,2.12,0.112,2.047,2.04,2.033,0.11,2.259,2.111,2.108,0.123,2.08,2.063,2.089,0.111,2.278,2.149,2.132,0.114,2.176,2.047,2.064,0.111,2.198,2.252,2.094,0.113,2.054,2.074,2.059,0.11,2.082,2.188,2.199,0.128,2.199,2.191,2.167,0.11
,25:59:33,30.1,2.088,2.16,2.108,0.111,2.163,2.194,2.17,0.109,2.183,2.132,2.119,0.112,2.047,2.04,2.034,0.11,2.256,2.112,2.108,0.115,2.081,2.065,2.087,0.111,2.276,2.149,2.133,0.117,2.175,2.047,2.062,0.11,2.2,2.252,2.094,0.115,2.051,2.072,2.059,0.11,2.08,2.185,2.193,0.116,2.199,2.188,2.163,0.109
,26:14:33,30.1,2.087,2.162,2.112,0.111,2.162,2.195,2.164,0.109,2.176,2.132,2.12,0.112,2.046,2.038,2.032,0.11,2.257,2.111,2.109,0.113,2.081,2.063,2.087,0.111,2.276,2.149,2.132,0.115,2.177,2.047,2.064,0.111,2.201,2.253,2.095,0.113,2.053,2.075,2.055,0.11,2.081,2.182,2.191,0.116,2.197,2.185,2.159,0.111
,26:29:33,30.1,2.087,2.162,2.117,0.111,2.164,2.194,2.164,0.109,2.168,2.131,2.12,0.112,2.046,2.04,2.034,0.11,2.254,2.112,2.109,0.114,2.081,2.061,2.09,0.111,2.275,2.15,2.134,0.119,2.18,2.046,2.066,0.111,2.201,2.252,2.096,0.114,2.052,2.074,2.054,0.11,2.081,2.178,2.19,0.117,2.197,2.18,2.156,0.111
,26:44:33,30.1,2.087,2.161,2.122,0.111,2.164,2.195,2.164,0.109,2.16,2.132,2.121,0.112,2.047,2.041,2.035,0.11,2.254,2.112,2.109,0.113,2.08,2.064,2.087,0.111,2.273,2.148,2.133,0.115,2.182,2.047,2.077,0.111,2.201,2.257,2.095,0.112,2.052,2.074,2.049,0.11,2.08,2.176,2.185,0.135,2.196,2.179,2.152,0.11
,26:59:33,30.1,2.088,2.158,2.127,0.11,2.161,2.193,2.161,0.109,2.152,2.132,2.122,0.112,2.047,2.041,2.035,0.11,2.252,2.113,2.11,0.114,2.081,2.062,2.087,0.111,2.272,2.151,2.134,0.119,2.177,2.046,2.098,0.111,2.2,2.252,2.096,0.113,2.05,2.075,2.05,0.11,2.08,2.174,2.183,0.129,2.195,2.177,2.149,0.11
,27:14:33,30.1,2.09,2.161,2.127,0.11,2.161,2.194,2.159,0.109,2.148,2.133,2.122,0.112,2.047,2.039,2.032,0.11,2.251,2.112,2.11,0.114,2.081,2.062,2.088,0.111,2.27,2.149,2.133,0.115,2.172,2.045,2.108,0.112,2.2,2.252,2.095,0.112,2.051,2.071,2.05,0.11,2.08,2.172,2.181,0.131,2.192,2.174,2.148,0.109
,27:29:33,30.1,2.095,2.161,2.131,0.111,2.162,2.194,2.158,0.109,2.143,2.133,2.123,0.113,2.049,2.041,2.033,0.11,2.249,2.113,2.111,0.114,2.082,2.059,2.088,0.111,2.27,2.151,2.135,0.116,2.187,2.045,2.121,0.11,2.199,2.248,2.095,0.113,2.049,2.074,2.054,0.11,2.078,2.169,2.18,0.129,2.19,2.172,2.143,0.109
,27:44:33,30.1,2.062,2.162,2.136,0.111,2.16,2.193,2.158,0.109,2.139,2.133,2.124,0.112,2.047,2.041,2.033,0.11,2.246,2.114,2.11,0.113,2.081,2.061,2.087,0.11,2.268,2.152,2.133,0.118,2.173,2.045,2.133,0.11,2.197,2.256,2.097,0.114,2.049,2.074,2.056,0.11,2.078,2.168,2.175,0.127,2.186,2.167,2.143,0.11
,27:59:33,30.1,1.914,2.161,2.138,0.111,2.157,2.193,2.157,0.109,2.136,2.134,2.123,0.113,2.049,2.042,2.035,0.11,2.246,2.114,2.111,0.114,2.082,2.062,2.085,0.11,2.265,2.154,2.136,0.121,2.174,2.046,2.142,0.111,2.198,2.249,2.095,0.113,2.048,2.074,2.059,0.11,2.077,2.166,2.173,0.113,2.185,2.164,2.143,0.11
,28:14:33,30.1,1.916,2.16,2.138,0.11,2.158,2.192,2.159,0.109,2.135,2.134,2.124,0.112,2.046,2.042,2.038,0.11,2.244,2.115,2.111,0.114,2.081,2.06,2.09,0.11,2.267,2.153,2.135,0.117,2.177,2.045,2.152,0.11,2.196,2.256,2.097,0.113,2.046,2.073,2.061,0.11,2.077,2.161,2.172,0.118,2.182,2.162,2.139,0.11
,28:29:33,30.1,1.922,2.159,2.141,0.111,2.156,2.193,2.159,0.109,2.135,2.134,2.124,0.112,2.046,2.041,2.035,0.11,2.243,2.114,2.111,0.114,2.082,2.062,2.094,0.11,2.264,2.152,2.135,0.118,2.182,2.045,2.157,0.11,2.197,2.256,2.096,0.113,2.045,2.074,2.059,0.109,2.078,2.156,2.169,0.115,2.182,2.159,2.138,0.109
,28:44:33,30.1,1.905,2.156,2.142,0.11,2.156,2.191,2.157,0.109,2.135,2.135,2.125,0.112,2.048,2.041,2.034,0.11,2.241,2.114,2.111,0.113,2.085,2.06,2.095,0.11,2.263,2.154,2.135,0.115,2.176,2.043,2.16,0.11,2.194,2.253,2.096,0.113,2.045,2.071,2.057,0.109,2.076,2.15,2.168,0.114,2.18,2.156,2.136,0.109
,28:59:33,30,1.917,2.156,2.146,0.11,2.156,2.19,2.153,0.109,2.136,2.135,2.125,0.112,2.047,2.04,2.036,0.11,2.24,2.115,2.112,0.113,2.081,2.062,2.111,0.11,2.26,2.153,2.136,0.117,2.177,2.043,2.165,0.11,2.193,2.254,2.097,0.115,2.045,2.071,2.057,0.11,2.077,2.144,2.168,0.116,2.177,2.152,2.135,0.111
,29:14:33,30.1,1.919,2.154,2.147,0.11,2.154,2.188,2.155,0.109,2.137,2.135,2.126,0.112,2.047,2.039,2.034,0.11,2.239,2.114,2.112,0.113,2.082,2.058,2.136,0.11,2.258,2.154,2.136,0.118,2.184,2.043,2.171,0.11,2.192,2.257,2.098,0.112,2.044,2.071,2.061,0.109,2.078,2.139,2.163,0.127,2.174,2.149,2.134,0.11
,29:29:33,30,1.918,2.15,2.151,0.11,2.153,2.189,2.152,0.109,2.139,2.136,2.126,0.112,2.047,2.039,2.033,0.11,2.237,2.115,2.112,0.113,2.082,2.059,2.147,0.11,2.257,2.155,2.135,0.117,2.176,2.043,2.174,0.11,2.191,2.256,2.096,0.114,2.042,2.069,2.066,0.109,2.078,2.135,2.159,0.118,2.171,2.146,2.132,0.108
,29:44:33,30.1,1.909,2.149,2.153,0.11,2.155,2.187,2.153,0.109,2.143,2.136,2.126,0.112,2.047,2.04,2.033,0.11,2.236,2.114,2.113,0.113,2.082,2.061,2.16,0.11,2.255,2.156,2.136,0.114,2.185,2.042,2.175,0.11,2.189,2.253,2.097,0.112,2.042,2.068,2.093,0.109,2.079,2.13,2.155,0.111,2.169,2.145,2.13,0.108
,29:59:33,30.1,1.904,2.144,2.158,0.11,2.153,2.185,2.15,0.109,2.145,2.136,2.127,0.113,2.048,2.039,2.033,0.11,2.234,2.116,2.113,0.113,2.082,2.06,2.168,0.11,2.253,2.157,2.136,0.118,2.176,2.042,2.181,0.11,2.188,2.255,2.097,0.113,2.042,2.068,2.121,0.109,2.079,2.127,2.148,0.116,2.166,2.141,2.128,0.109
,30:14:33,30.1,1.902,2.143,2.156,0.11,2.152,2.183,2.149,0.109,2.147,2.136,2.127,0.112,2.047,2.042,2.033,0.11,2.233,2.116,2.114,0.113,2.082,2.058,2.181,0.11,2.25,2.157,2.136,0.115,2.161,2.041,2.187,0.11,2.185,2.258,2.099,0.112,2.039,2.067,2.144,0.109,2.08,2.124,2.143,0.116,2.164,2.14,2.126,0.109
,30:29:33,30,1.896,2.139,2.152,0.11,2.152,2.182,2.147,0.109,2.151,2.136,2.128,0.112,2.048,2.042,2.032,0.109,2.231,2.116,2.113,0.113,2.08,2.058,2.185,0.11,2.248,2.158,2.136,0.115,2.174,2.039,2.186,0.11,2.183,2.252,2.097,0.113,2.038,2.067,2.159,0.109,2.08,2.119,2.138,0.128,2.161,2.138,2.122,0.111
,30:44:33,30.1,1.899,2.136,2.152,0.11,2.151,2.181,2.148,0.109,2.152,2.137,2.128,0.112,2.047,2.041,2.034,0.109,2.23,2.117,2.114,0.114,2.082,2.059,2.192,0.11,2.246,2.159,2.136,0.118,2.171,2.04,2.188,0.11,2.18,2.258,2.099,0.113,2.037,2.067,2.169,0.11,2.082,2.116,2.133,0.125,2.156,2.136,2.121,0.108
,30:59:33,30.1,1.891,2.132,2.15,0.11,2.148,2.18,2.147,0.109,2.151,2.137,2.128,0.112,2.047,2.043,2.032,0.109,2.229,2.116,2.115,0.113,2.082,2.06,2.201,0.11,2.245,2.158,2.137,0.112,2.184,2.04,2.19,0.11,2.179,2.254,2.101,0.113,2.037,2.071,2.178,0.109,2.083,2.115,2.127,0.118,2.156,2.133,2.118,0.11
,31:14:33,30,1.889,2.129,2.149,0.11,2.148,2.178,2.146,0.108,2.148,2.137,2.129,0.112,2.047,2.041,2.03,0.109,2.227,2.115,2.114,0.113,2.081,2.059,2.209,0.11,2.243,2.158,2.136,0.112,2.159,2.039,2.196,0.11,2.177,2.254,2.098,0.113,2.035,2.072,2.186,0.109,2.083,2.112,2.125,0.134,2.153,2.131,2.115,0.108
,31:29:33,30.1,1.886,2.126,2.151,0.11,2.146,2.176,2.147,0.108,2.145,2.138,2.13,0.113,2.047,2.041,2.029,0.109,2.226,2.116,2.115,0.114,2.083,2.061,2.212,0.11,2.241,2.159,2.137,0.112,2.185,2.041,2.196,0.11,2.176,2.254,2.101,0.113,2.037,2.074,2.191,0.109,2.085,2.109,2.122,0.119,2.149,2.131,2.115,0.108
,31:44:33,30.1,1.885,2.122,2.151,0.11,2.147,2.174,2.144,0.108,2.142,2.139,2.129,0.113,2.046,2.04,2.029,0.109,2.224,2.116,2.115,0.114,2.083,2.06,2.22,0.11,2.239,2.159,2.138,0.112,2.185,2.037,2.2,0.11,2.175,2.25,2.101,0.112,2.034,2.074,2.192,0.109,2.085,2.11,2.118,0.116,2.148,2.129,2.113,0.108
,31:59:33,30.1,1.882,2.121,2.151,0.11,2.145,2.171,2.145,0.108,2.137,2.138,2.13,0.112,2.048,2.042,2.025,0.109,2.221,2.117,2.115,0.113,2.083,2.06,2.224,0.11,2.237,2.159,2.137,0.112,2.182,2.037,2.202,0.11,2.173,2.254,2.099,0.113,2.035,2.074,2.199,0.109,2.085,2.108,2.116,0.136,2.147,2.128,2.113,0.108
,32:14:33,30.1,1.878,2.117,2.152,0.11,2.146,2.171,2.144,0.108,2.133,2.139,2.13,0.112,2.047,2.042,2.021,0.109,2.219,2.116,2.115,0.114,2.083,2.063,2.225,0.11,2.237,2.157,2.138,0.112,2.184,2.037,2.202,0.109,2.172,2.246,2.101,0.112,2.037,2.081,2.204,0.109,2.086,2.107,2.113,0.114,2.144,2.127,2.109,0.111
,32:29:33,30.1,1.874,2.116,2.15,0.11,2.143,2.17,2.147,0.108,2.13,2.139,2.13,0.112,2.047,2.04,2.023,0.109,2.219,2.116,2.116,0.113,2.082,2.061,2.226,0.11,2.235,2.158,2.136,0.112,2.184,2.035,2.203,0.11,2.173,2.25,2.099,0.112,2.037,2.087,2.208,0.109,2.087,2.104,2.111,0.122,2.142,2.126,2.108,0.108
,32:44:33,30.1,1.874,2.114,2.149,0.11,2.142,2.168,2.147,0.108,2.13,2.139,2.131,0.112,2.048,2.042,2.022,0.109,2.217,2.117,2.116,0.113,2.082,2.062,2.23,0.11,2.234,2.158,2.138,0.112,2.19,2.036,2.203,0.109,2.17,2.249,2.103,0.112,2.039,2.102,2.212,0.109,2.088,2.102,2.109,0.118,2.141,2.123,2.106,0.111
,32:59:33,30.1,1.875,2.113,2.147,0.11,2.144,2.165,2.148,0.108,2.126,2.139,2.131,0.112,2.048,2.042,2.017,0.109,2.214,2.118,2.115,0.114,2.081,2.062,2.237,0.11,2.232,2.159,2.137,0.112,2.189,2.035,2.207,0.109,2.167,2.253,2.102,0.112,2.035,2.112,2.215,0.109,2.088,2.102,2.106,0.122,2.137,2.121,2.103,0.108
,33:14:33,30.1,1.875,2.11,2.146,0.11,2.144,2.164,2.148,0.108,2.127,2.139,2.131,0.112,2.047,2.041,2.024,0.109,2.213,2.118,2.116,0.113,2.082,2.061,2.239,0.11,2.231,2.16,2.137,0.112,2.194,2.032,2.208,0.109,2.163,2.251,2.102,0.112,2.037,2.124,2.215,0.109,2.088,2.1,2.104,0.114,2.135,2.118,2.102,0.108
,33:29:33,30,1.872,2.108,2.144,0.11,2.143,2.162,2.15,0.108,2.126,2.139,2.132,0.112,2.05,2.041,2.019,0.109,2.21,2.118,2.116,0.113,2.083,2.059,2.241,0.11,2.231,2.16,2.138,0.112,2.194,2.032,2.208,0.109,2.159,2.25,2.102,0.113,2.038,2.136,2.219,0.109,2.089,2.1,2.104,0.114,2.135,2.117,2.101,0.108
,33:44:33,30.1,1.874,2.106,2.141,0.11,2.144,2.161,2.154,0.108,2.127,2.14,2.132,0.111,2.049,2.044,2.016,0.109,2.209,2.119,2.117,0.114,2.083,2.06,2.247,0.11,2.23,2.161,2.139,0.112,2.199,2.031,2.213,0.109,2.155,2.252,2.104,0.112,2.037,2.145,2.221,0.109,2.091,2.099,2.103,0.122,2.135,2.115,2.098,0.108
,33:59:33,30.1,1.875,2.105,2.14,0.11,2.145,2.162,2.156,0.108,2.126,2.14,2.132,0.112,2.05,2.043,2.017,0.109,2.206,2.119,2.118,0.113,2.084,2.063,2.25,0.11,2.228,2.16,2.138,0.112,2.199,2.029,2.211,0.109,2.149,2.249,2.103,0.113,2.034,2.15,2.223,0.109,2.092,2.098,2.101,0.113,2.132,2.114,2.096,0.107
,34:14:33,30.1,1.873,2.103,2.137,0.11,2.145,2.16,2.162,0.108,2.126,2.139,2.133,0.111,2.05,2.043,2.015,0.109,2.203,2.119,2.117,0.114,2.084,2.061,2.252,0.11,2.227,2.16,2.139,0.112,2.192,2.029,2.212,0.109,2.145,2.25,2.103,0.112,2.031,2.156,2.224,0.109,2.093,2.097,2.101,0.119,2.131,2.111,2.095,0.108
,34:29:33,30.1,1.875,2.1,2.135,0.109,2.148,2.159,2.164,0.108,2.129,2.14,2.134,0.112,2.05,2.043,2.014,0.109,2.2,2.119,2.118,0.113,2.083,2.061,2.248,0.11,2.225,2.16,2.139,0.112,2.2,2.028,2.209,0.109,2.142,2.242,2.102,0.114,2.031,2.163,2.226,0.108,2.098,2.097,2.101,0.115,2.131,2.11,2.095,0.107
,34:44:33,30.1,1.877,2.098,2.133,0.11,2.15,2.159,2.169,0.108,2.135,2.142,2.133,0.111,2.048,2.043,2.011,0.109,2.196,2.119,2.118,0.114,2.083,2.062,2.255,0.11,2.223,2.16,2.138,0.112,2.198,2.025,2.212,0.109,2.14,2.253,2.104,0.113,2.03,2.169,2.229,0.108,2.099,2.097,2.099,0.114,2.13,2.109,2.094,0.107
,34:59:33,30.1,1.877,2.099,2.129,0.11,2.151,2.161,2.174,0.108,2.142,2.141,2.134,0.112,2.05,2.043,2.012,0.109,2.192,2.119,2.118,0.114,2.084,2.062,2.256,0.11,2.221,2.16,2.14,0.112,2.197,2.024,2.212,0.109,2.137,2.243,2.106,0.113,2.028,2.173,2.229,0.108,2.103,2.097,2.099,0.112,2.129,2.108,2.094,0.107
,35:14:33,30.1,1.876,2.099,2.128,0.109,2.156,2.159,2.172,0.108,2.144,2.141,2.134,0.111,2.048,2.042,2.006,0.109,2.188,2.118,2.118,0.113,2.083,2.061,2.26,0.11,2.219,2.16,2.14,0.112,2.199,2.02,2.211,0.109,2.136,2.248,2.105,0.112,2.024,2.183,2.231,0.108,2.103,2.096,2.098,0.131,2.124,2.106,2.092,0.107
,35:29:33,30.1,1.88,2.098,2.124,0.109,2.157,2.158,2.167,0.108,2.144,2.141,2.135,0.112,2.049,2.043,2.007,0.109,2.185,2.12,2.119,0.113,2.084,2.062,2.259,0.11,2.219,2.162,2.14,0.112,2.2,2.019,2.208,0.109,2.133,2.245,2.106,0.113,2.023,2.185,2.232,0.108,2.102,2.095,2.097,0.111,2.122,2.104,2.092,0.107
,35:44:33,30.1,1.88,2.1,2.121,0.109,2.161,2.159,2.161,0.107,2.147,2.141,2.135,0.112,2.05,2.041,2.001,0.109,2.182,2.12,2.119,0.114,2.083,2.062,2.261,0.11,2.215,2.161,2.141,0.112,2.191,2.018,2.208,0.109,2.132,2.243,2.105,0.113,2.022,2.196,2.234,0.108,2.103,2.094,2.096,0.124,2.121,2.103,2.092,0.107
,35:59:33,30.1,1.881,2.099,2.118,0.109,2.166,2.159,2.161,0.107,2.148,2.142,2.135,0.111,2.048,2.043,1.996,0.109,2.18,2.119,2.12,0.113,2.084,2.061,2.263,0.11,2.213,2.162,2.14,0.112,2.19,2.017,2.207,0.109,2.13,2.245,2.104,0.112,2.031,2.196,2.235,0.108,2.103,2.094,2.096,0.124,2.12,2.102,2.092,0.107
,36:14:33,30.1,1.882,2.098,2.115,0.109,2.168,2.16,2.162,0.107,2.151,2.142,2.136,0.112,2.049,2.042,1.989,0.109,2.179,2.119,2.119,0.113,2.083,2.064,2.261,0.11,2.212,2.161,2.141,0.112,2.181,2.012,2.205,0.109,2.128,2.243,2.105,0.112,2.048,2.199,2.233,0.108,2.103,2.094,2.095,0.118,2.117,2.1,2.092,0.107
,36:29:33,30.1,1.883,2.097,2.114,0.109,2.174,2.161,2.161,0.107,2.152,2.143,2.136,0.112,2.049,2.045,1.984,0.109,2.178,2.119,2.119,0.113,2.084,2.062,2.263,0.109,2.209,2.162,2.142,0.114,2.182,2.011,2.206,0.109,2.125,2.241,2.104,0.113,2.064,2.206,2.236,0.108,2.103,2.095,2.095,0.111,2.117,2.098,2.09,0.107
,36:44:33,30.1,1.882,2.095,2.112,0.109,2.179,2.164,2.16,0.107,2.152,2.143,2.136,0.112,2.05,2.042,1.977,0.109,2.174,2.12,2.12,0.113,2.083,2.062,2.264,0.11,2.206,2.161,2.141,0.112,2.179,2.009,2.206,0.109,2.126,2.245,2.104,0.113,2.071,2.213,2.232,0.108,2.104,2.096,2.095,0.11,2.115,2.096,2.091,0.107
,36:59:33,30.1,1.884,2.095,2.111,0.109,2.182,2.166,2.157,0.107,2.15,2.143,2.136,0.111,2.048,2.043,1.972,0.109,2.172,2.12,2.12,0.113,2.083,2.061,2.263,0.11,2.205,2.163,2.143,0.112,2.186,2.006,2.207,0.109,2.123,2.241,2.106,0.114,2.087,2.21,2.233,0.108,2.106,2.095,2.094,0.115,2.114,2.095,2.092,0.107
,37:14:33,30.1,1.883,2.096,2.108,0.109,2.182,2.167,2.158,0.107,2.15,2.144,2.137,0.112,2.049,2.043,1.97,0.109,2.17,2.12,2.12,0.113,2.083,2.063,2.264,0.109,2.203,2.164,2.143,0.112,2.189,2.003,2.204,0.109,2.123,2.241,2.105,0.113,2.099,2.217,2.235,0.108,2.107,2.095,2.093,0.119,2.113,2.094,2.093,0.106
,37:29:33,30.1,1.881,2.1,2.107,0.109,2.177,2.172,2.153,0.107,2.149,2.144,2.137,0.112,2.05,2.046,1.968,0.109,2.168,2.121,2.12,0.114,2.083,2.063,2.262,0.11,2.201,2.163,2.144,0.112,2.186,2.001,2.203,0.109,2.122,2.244,2.107,0.114,2.107,2.227,2.234,0.108,2.11,2.095,2.094,0.114,2.111,2.094,2.091,0.106
,37:44:33,30.1,1.883,2.104,2.107,0.109,2.172,2.174,2.152,0.107,2.15,2.143,2.137,0.112,2.051,2.044,1.963,0.108,2.167,2.121,2.12,0.114,2.083,2.063,2.261,0.109,2.2,2.163,2.143,0.112,2.187,1.998,2.205,0.109,2.121,2.24,2.107,0.112,2.116,2.226,2.236,0.108,2.112,2.096,2.094,0.111,2.108,2.093,2.093,0.106
,37:59:33,30,1.881,2.109,2.105,0.109,2.172,2.175,2.15,0.107,2.151,2.145,2.138,0.112,2.052,2.045,1.958,0.109,2.166,2.12,2.122,0.114,2.083,2.063,2.263,0.109,2.197,2.163,2.144,0.112,2.186,1.997,2.204,0.109,2.119,2.237,2.107,0.112,2.124,2.227,2.236,0.108,2.112,2.096,2.094,0.112,2.107,2.092,2.093,0.106
,38:14:33,30.1,1.88,2.116,2.102,0.109,2.172,2.181,2.149,0.107,2.152,2.144,2.139,0.112,2.051,2.045,1.95,0.109,2.165,2.121,2.121,0.114,2.083,2.064,2.265,0.109,2.193,2.163,2.144,0.112,2.184,1.992,2.203,0.109,2.119,2.241,2.107,0.112,2.129,2.234,2.236,0.108,2.115,2.097,2.092,0.113,2.106,2.091,2.094,0.106
,38:29:33,30.1,1.88,1.972,2.099,0.109,2.171,2.186,2.146,0.107,2.155,2.144,2.138,0.112,2.051,2.043,1.946,0.108,2.163,2.12,2.122,0.113,2.084,2.063,2.264,0.109,2.192,2.164,2.144,0.112,2.184,1.99,2.204,0.109,2.118,2.241,2.107,0.113,2.136,2.236,2.238,0.108,2.117,2.099,2.094,0.119,2.105,2.091,2.093,0.106
,38:44:33,30.1,1.877,1.962,2.098,0.109,2.171,2.187,2.145,0.107,2.155,2.144,2.138,0.112,2.05,2.045,1.949,0.108,2.161,2.12,2.121,0.113,2.083,2.063,2.264,0.109,2.191,2.164,2.147,0.111,2.188,1.986,2.206,0.109,2.117,2.233,2.107,0.113,2.143,2.235,2.239,0.108,2.118,2.099,2.093,0.112,2.105,2.09,2.094,0.106
,38:59:33,30.1,1.882,1.961,2.097,0.109,2.169,2.186,2.14,0.107,2.155,2.145,2.139,0.112,2.05,2.043,1.947,0.108,2.158,2.12,2.122,0.113,2.083,2.062,2.265,0.109,2.191,2.163,2.144,0.111,2.183,1.982,2.203,0.108,2.117,2.239,2.106,0.112,2.146,2.242,2.238,0.108,2.119,2.1,2.094,0.127,2.103,2.091,2.092,0.106
,39:14:33,30.1,1.879,1.961,2.096,0.109,2.164,2.18,2.137,0.107,2.155,2.145,2.139,0.113,2.051,2.043,1.978,0.108,2.158,2.12,2.123,0.113,2.082,2.063,2.263,0.109,2.189,2.164,2.144,0.112,2.186,1.981,2.201,0.108,2.117,2.242,2.106,0.112,2.144,2.234,2.239,0.108,2.121,2.101,2.094,0.109,2.101,2.091,2.094,0.106
,39:29:33,30.1,1.881,1.97,2.094,0.109,2.164,2.176,2.132,0.107,2.156,2.144,2.14,0.112,2.051,2.042,2.055,0.108,2.156,2.12,2.122,0.113,2.083,2.064,2.266,0.109,2.188,2.163,2.144,0.112,2.178,1.98,2.2,0.108,2.117,2.233,2.105,0.112,2.157,2.241,2.238,0.107,2.123,2.102,2.094,0.121,2.1,2.089,2.093,0.106
,39:44:33,30.1,1.88,1.971,2.093,0.109,2.16,2.177,2.13,0.107,2.155,2.145,2.139,0.112,2.049,2.043,2.112,0.108,2.155,2.121,2.122,0.113,2.082,2.065,2.266,0.109,2.186,2.163,2.145,0.111,2.182,1.977,2.203,0.108,2.117,2.234,2.106,0.112,2.149,2.242,2.239,0.107,2.123,2.104,2.095,0.111,2.1,2.088,2.094,0.106
,39:59:33,30,1.879,1.97,2.091,0.109,2.161,2.176,2.123,0.107,2.154,2.146,2.14,0.112,2.049,2.043,2.141,0.108,2.153,2.121,2.122,0.113,2.084,2.063,2.265,0.109,2.185,2.164,2.145,0.112,2.18,1.975,2.201,0.108,2.116,2.24,2.105,0.113,2.163,2.247,2.238,0.107,2.126,2.105,2.096,0.109,2.098,2.088,2.093,0.106
,40:14:33,30,1.875,1.971,2.092,0.109,2.16,2.176,2.12,0.107,2.152,2.145,2.141,0.112,2.051,2.042,2.159,0.108,2.15,2.121,2.123,0.113,2.083,2.063,2.265,0.109,2.183,2.162,2.147,0.112,2.179,1.976,2.203,0.108,2.116,2.24,2.106,0.112,2.169,2.246,2.236,0.107,2.127,2.106,2.095,0.112,2.099,2.087,2.095,0.106
,40:29:33,30.1,1.877,1.972,2.09,0.109,2.158,2.175,2.116,0.106,2.152,2.145,2.141,0.112,2.05,2.044,2.17,0.108,2.149,2.121,2.122,0.113,2.084,2.062,2.265,0.109,2.183,2.163,2.147,0.111,2.18,1.975,2.202,0.108,2.115,2.231,2.106,0.112,2.168,2.244,2.237,0.107,2.127,2.106,2.096,0.109,2.097,2.088,2.092,0.106
,40:44:33,30.1,1.876,1.974,2.09,0.11,2.156,2.176,2.113,0.106,2.151,2.147,2.141,0.112,2.051,2.042,2.177,0.108,2.147,2.121,2.123,0.113,2.084,2.064,2.265,0.109,2.18,2.164,2.146,0.112,2.183,1.971,2.203,0.108,2.116,2.236,2.106,0.112,2.177,2.25,2.238,0.107,2.128,2.106,2.097,0.11,2.097,2.089,2.097,0.105
,40:59:33,30.1,1.874,1.972,2.087,0.109,2.153,2.175,2.108,0.106,2.151,2.147,2.141,0.112,2.051,2.044,2.187,0.108,2.145,2.121,2.123,0.113,2.083,2.065,2.265,0.109,2.18,2.163,2.148,0.112,2.18,1.967,2.201,0.108,2.116,2.243,2.106,0.113,2.183,2.248,2.237,0.107,2.129,2.107,2.098,0.112,2.097,2.089,2.098,0.105
,41:14:33,30.1,1.871,1.972,2.087,0.109,2.152,2.176,2.104,0.106,2.151,2.147,2.142,0.111,2.05,2.042,2.193,0.108,2.143,2.12,2.124,0.113,2.084,2.065,2.266,0.109,2.178,2.163,2.147,0.111,2.18,1.963,2.202,0.108,2.116,2.242,2.107,0.113,2.182,2.249,2.237,0.107,2.13,2.109,2.097,0.109,2.097,2.09,2.098,0.105
,41:29:33,30.1,1.872,1.975,2.086,0.109,2.149,2.173,2.1,0.106,2.153,2.148,2.143,0.112,2.051,2.042,2.198,0.108,2.14,2.12,2.124,0.113,2.083,2.064,2.266,0.109,2.176,2.163,2.147,0.112,2.175,1.961,2.202,0.108,2.116,2.234,2.106,0.113,2.185,2.249,2.236,0.107,2.13,2.109,2.1,0.11,2.097,2.09,2.102,0.105
,41:44:33,30,1.874,1.968,2.086,0.109,2.145,2.171,2.097,0.106,2.152,2.147,2.141,0.112,2.051,2.041,2.203,0.108,2.137,2.119,2.124,0.113,2.081,2.064,2.265,0.109,2.174,2.162,2.147,0.112,2.178,1.956,2.203,0.108,2.116,2.237,2.106,0.112,2.188,2.247,2.235,0.107,2.131,2.11,2.103,0.114,2.096,2.091,2.098,0.105
,41:59:33,30.1,1.873,1.961,2.083,0.109,2.141,2.167,2.091,0.106,2.154,2.147,2.142,0.112,2.05,2.04,2.204,0.108,2.137,2.119,2.124,0.113,2.083,2.064,2.268,0.109,2.171,2.163,2.147,0.112,2.172,1.954,2.203,0.108,2.116,2.242,2.105,0.112,2.185,2.248,2.235,0.107,2.132,2.109,2.102,0.11,2.096,2.092,2.105,0.105
,42:14:33,30.1,1.873,1.965,2.084,0.11,2.138,2.165,2.09,0.106,2.155,2.146,2.141,0.111,2.051,2.042,2.209,0.108,2.134,2.118,2.124,0.113,2.083,2.064,2.265,0.109,2.168,2.163,2.147,0.111,2.166,1.948,2.203,0.108,2.115,2.242,2.104,0.112,2.199,2.252,2.234,0.107,2.131,2.111,2.103,0.109,2.096,2.091,2.107,0.105
,42:29:33,30.1,1.874,1.967,2.083,0.108,2.135,2.162,2.087,0.106,2.157,2.147,2.143,0.111,2.05,2.043,2.21,0.108,2.133,2.119,2.124,0.113,2.085,2.063,2.265,0.109,2.167,2.163,2.149,0.112,2.161,1.946,2.203,0.108,2.117,2.238,2.105,0.112,2.196,2.249,2.234,0.107,2.13,2.111,2.103,0.114,2.094,2.09,2.109,0.105
,42:44:33,30.1,1.871,1.964,2.084,0.109,2.134,2.161,2.082,0.106,2.158,2.146,2.143,0.111,2.049,2.041,2.215,0.108,2.131,2.119,2.124,0.113,2.082,2.063,2.265,0.109,2.164,2.162,2.146,0.111,2.155,1.943,2.204,0.108,2.116,2.233,2.104,0.112,2.204,2.257,2.234,0.107,2.13,2.114,2.104,0.116,2.096,2.089,2.11,0.105
,42:59:33,30.1,1.872,1.964,2.087,0.108,2.128,2.156,2.079,0.106,2.161,2.147,2.143,0.111,2.048,2.04,2.217,0.108,2.129,2.119,2.124,0.113,2.083,2.064,2.268,0.109,2.163,2.163,2.147,0.111,2.143,1.938,2.202,0.108,2.115,2.24,2.104,0.112,2.204,2.253,2.232,0.107,2.13,2.114,2.104,0.11,2.095,2.089,2.112,0.105
,43:14:33,30.1,1.875,1.957,2.083,0.108,2.126,2.154,2.078,0.106,2.163,2.147,2.143,0.111,2.049,2.041,2.22,0.108,2.129,2.118,2.125,0.113,2.082,2.063,2.267,0.109,2.162,2.164,2.148,0.112,2.148,1.937,2.203,0.108,2.117,2.243,2.104,0.112,2.203,2.254,2.23,0.107,2.077,2.117,2.106,0.115,2.097,2.09,2.115,0.105
,43:29:33,30.1,1.875,1.956,2.09,0.109,2.123,2.149,2.069,0.106,2.166,2.147,2.143,0.111,2.048,2.038,2.221,0.108,2.127,2.118,2.124,0.113,2.082,2.064,2.268,0.109,2.16,2.161,2.148,0.112,2.14,1.936,2.203,0.108,2.119,2.244,2.103,0.112,2.211,2.252,2.23,0.107,2.053,2.118,2.108,0.121,2.095,2.09,2.116,0.105
,43:44:33,30.1,1.872,1.953,2.093,0.108,2.119,2.146,2.068,0.106,2.167,2.146,2.143,0.111,2.049,2.038,2.223,0.108,2.127,2.118,2.125,0.113,2.079,2.063,2.264,0.109,2.16,2.162,2.15,0.111,2.135,1.932,2.202,0.108,2.119,2.236,2.103,0.112,2.209,2.254,2.229,0.107,2.051,2.119,2.108,0.109,2.096,2.091,2.116,0.104
,43:59:33,30.1,1.874,1.949,2.097,0.108,2.117,2.141,2.066,0.106,2.169,2.146,2.143,0.111,2.048,2.036,2.225,0.108,2.125,2.118,2.124,0.113,2.082,2.065,2.265,0.108,2.158,2.161,2.15,0.111,2.118,1.931,2.204,0.108,2.118,2.235,2.101,0.112,2.211,2.255,2.227,0.107,2.049,2.121,2.109,0.108,2.097,2.091,2.117,0.104
,44:14:33,30.1,1.879,1.951,2.11,0.109,2.114,2.138,2.062,0.105,2.17,2.147,2.144,0.111,2.046,2.038,2.229,0.108,2.124,2.117,2.126,0.113,2.083,2.063,2.266,0.108,2.156,2.161,2.149,0.111,2.11,1.93,2.204,0.108,2.119,2.242,2.103,0.112,2.217,2.254,2.227,0.106,2.05,2.121,2.11,0.112,2.097,2.092,2.119,0.104
,44:29:33,30.1,1.882,1.946,2.125,0.108,2.112,2.131,2.06,0.105,2.174,2.149,2.144,0.111,2.048,2.037,2.231,0.107,2.123,2.119,2.125,0.113,2.081,2.064,2.265,0.108,2.155,2.161,2.149,0.111,2.107,1.93,2.206,0.108,2.12,2.244,2.104,0.113,2.22,2.253,2.226,0.106,2.048,2.121,2.11,0.113,2.097,2.093,2.122,0.104
,44:44:33,30.1,1.88,1.947,1.965,0.108,2.108,2.127,2.055,0.105,2.176,2.149,2.145,0.112,2.048,2.034,2.231,0.107,2.122,2.117,2.126,0.113,2.082,2.064,2.267,0.108,2.153,2.164,2.15,0.111,2.092,1.929,2.207,0.107,2.123,2.244,2.104,0.112,2.222,2.256,2.226,0.106,2.048,2.12,2.111,0.112,2.097,2.094,2.121,0.104
,44:59:33,30,1.878,1.947,1.974,0.108,2.105,2.123,2.054,0.105,2.179,2.149,2.145,0.111,2.049,2.036,2.233,0.107,2.12,2.116,2.126,0.113,2.083,2.063,2.265,0.108,2.15,2.164,2.152,0.111,2.093,1.921,2.207,0.107,2.124,2.241,2.105,0.113,2.226,2.256,2.224,0.106,2.049,2.12,2.113,0.109,2.097,2.094,2.125,0.104
,45:14:33,30.1,1.877,1.945,1.968,0.108,2.102,2.121,2.053,0.105,2.179,2.148,2.145,0.111,2.048,2.038,2.234,0.107,2.12,2.113,2.126,0.113,2.082,2.065,2.269,0.108,2.148,2.164,2.151,0.111,2.092,1.921,2.207,0.107,2.125,2.239,2.105,0.112,2.224,2.255,2.223,0.106,2.049,2.12,2.112,0.117,2.096,2.096,2.126,0.104
,45:29:33,30.1,1.873,1.943,1.985,0.108,2.098,2.117,2.051,0.105,2.181,2.148,2.145,0.111,2.047,2.034,2.236,0.107,2.118,2.112,2.126,0.113,2.081,2.063,2.268,0.108,2.146,2.161,2.15,0.111,2.074,1.914,2.206,0.107,2.126,2.243,2.103,0.112,2.225,2.254,2.224,0.106,2.049,2.12,2.114,0.109,2.096,2.096,2.127,0.104
,45:44:33,30.1,1.871,1.946,1.976,0.108,2.096,2.113,2.046,0.105,2.183,2.147,2.145,0.112,2.048,2.032,2.237,0.107,2.117,2.111,2.126,0.113,2.082,2.063,2.267,0.108,2.144,2.16,2.15,0.111,2.062,1.906,2.207,0.107,2.129,2.247,2.1,0.112,2.227,2.255,2.222,0.106,2.051,2.12,2.114,0.116,2.096,2.099,2.128,0.104
,45:59:33,30.1,1.865,1.944,1.983,0.108,2.094,2.111,2.05,0.105,2.183,2.15,2.146,0.111,2.048,2.033,2.237,0.107,2.116,2.108,2.127,0.113,2.08,2.063,2.267,0.109,2.141,2.159,2.152,0.112,2.08,1.905,2.206,0.107,2.129,2.247,2.099,0.113,2.226,2.255,2.222,0.106,2.051,2.121,2.117,0.114,2.097,2.1,2.128,0.104
,46:14:33,30.1,1.865,1.942,1.979,0.108,2.09,2.109,2.048,0.105,2.186,2.148,2.146,0.111,2.049,2.032,2.238,0.107,2.115,2.104,2.127,0.113,2.082,2.067,2.265,0.108,2.141,2.157,2.151,0.112,2.073,1.893,2.206,0.107,2.131,2.241,2.094,0.113,2.232,2.258,2.22,0.106,2.05,2.121,2.12,0.118,2.098,2.103,2.13,0.103
,46:29:33,30.1,1.861,1.944,1.979,0.108,2.087,2.106,2.049,0.105,2.186,2.148,2.145,0.111,2.049,2.03,2.239,0.107,2.114,2.104,2.127,0.113,2.081,2.065,2.267,0.108,2.14,2.154,2.151,0.112,2.076,1.887,2.208,0.107,2.13,2.239,2.091,0.112,2.235,2.257,2.218,0.106,2.053,2.122,2.12,0.108,2.098,2.103,2.131,0.103
,46:44:33,30.1,1.862,1.947,1.982,0.108,2.087,2.102,2.054,0.105,2.186,2.148,2.146,0.111,2.048,2.032,2.239,0.107,2.114,2.101,2.127,0.113,2.081,2.066,2.268,0.108,2.138,2.144,2.151,0.112,2.055,1.886,2.208,0.107,2.131,2.242,2.082,0.113,2.233,2.258,2.218,0.106,2.053,2.123,2.122,0.117,2.099,2.107,2.13,0.103
,46:59:33,30.1,1.858,1.95,1.988,0.108,2.084,2.1,2.061,0.105,2.188,2.148,2.145,0.111,2.049,2.031,2.242,0.107,2.114,2.102,2.127,0.113,2.082,2.064,2.267,0.108,2.137,2.137,2.152,0.111,2.031,1.879,2.208,0.107,2.132,2.244,2.065,0.112,2.23,2.255,2.216,0.106,2.051,2.123,2.124,0.108,2.099,2.107,2.132,0.103
,47:14:33,30.1,1.858,1.941,1.987,0.108,2.083,2.097,2.064,0.105,2.189,2.15,2.146,0.111,2.048,2.03,2.237,0.107,2.114,2.118,2.127,0.113,2.079,2.064,2.268,0.108,2.136,2.125,2.152,0.111,2.026,1.875,2.208,0.107,2.134,2.243,2.049,0.113,2.233,2.255,2.214,0.106,2.052,2.126,2.123,0.108,2.103,2.112,2.133,0.103
,47:29:33,30.1,1.854,1.94,1.985,0.108,2.081,2.096,2.079,0.105,2.19,2.15,2.147,0.111,2.047,2.03,2.241,0.107,2.113,2.14,2.127,0.113,2.079,2.064,2.267,0.108,2.135,2.114,2.152,0.111,2.027,1.868,2.208,0.107,2.134,2.243,2.037,0.112,2.24,2.255,2.212,0.106,2.052,2.128,2.122,0.109,2.103,2.112,2.134,0.103
,47:44:33,30.1,1.847,1.948,1.992,0.107,2.078,2.094,2.074,0.104,2.191,2.151,2.146,0.111,2.046,2.027,2.241,0.107,2.114,2.157,2.128,0.113,2.078,2.065,2.264,0.108,2.133,2.107,2.152,0.111,2.024,1.862,2.208,0.107,2.135,2.238,2.046,0.112,2.24,2.255,2.21,0.106,2.053,2.129,2.123,0.108,2.105,2.113,2.134,0.103
,47:59:33,30.1,1.849,1.941,1.978,0.108,2.075,2.092,1.939,0.104,2.192,2.152,2.147,0.111,2.047,2.026,2.24,0.107,2.113,2.17,2.127,0.113,2.078,2.063,2.265,0.108,2.135,2.096,2.15,0.111,2.003,1.857,2.209,0.107,2.135,2.236,2.063,0.112,2.236,2.256,2.209,0.106,2.055,2.132,2.122,0.111,2.107,2.114,2.134,0.103
,48:14:33,30.1,1.848,1.951,1.978,0.107,2.07,2.09,1.943,0.104,2.192,2.15,2.146,0.111,2.045,2.025,2.238,0.107,2.114,2.176,2.127,0.113,2.077,2.063,2.267,0.108,2.134,2.087,2.15,0.111,2.023,1.843,2.21,0.107,2.136,2.235,2.066,0.113,2.238,2.257,2.208,0.106,2.054,2.133,2.123,0.113,2.107,2.117,2.134,0.102
,,,,,,,,,,,,,,,,,,,,,,,,,,,,,,,,,,,,,,,,,,,,,,,,,,
Results,,,,,,,,,,,,,,,,,,,,,,,,,,,,,,,,,,,,,,,,,,,,,,,,,,
,,,,,,,,,,,,,,,,,,,,,,,,,,,,,,,,,,,,,,,,,,,,,,,,,,
,,1,2,3,4,5,6,7,8,,,,,,,,,,,,,,,,,,,,,,,,,,,,,,,,,,,,,,,,,
,A,14.613,14.793,-10.627,-0.14,24.253,17.213,21.107,0.207,Max V [Read 2:600],,,,,,,,,,,,,,,,,,,,,,,,,,,,,,,,,,,,,,,,
,,1,1,1,1,1,1,1,1,R-Squared [Read 2:600],,,,,,,,,,,,,,,,,,,,,,,,,,,,,,,,,,,,,,,,
,,05:22:03,08:52:03,44:37:03,42:22:03,17:52:03,18:22:03,17:22:03,10:37:03,t at Max V [Read 2:600],,,,,,,,,,,,,,,,,,,,,,,,,,,,,,,,,,,,,,,,
,,04:55:19,07:29:41,47:35:29,41:54:33,16:53:02,16:42:09,16:19:16,10:28:35,Lagtime [Read 2:600],,,,,,,,,,,,,,,,,,,,,,,,,,,,,,,,,,,,,,,,
,B,5.2,4.473,4.447,-0.133,4.52,4.433,5.167,0.053,Max V [Read 2:600],,,,,,,,,,,,,,,,,,,,,,,,,,,,,,,,,,,,,,,,
,,1,1,1,1,1,1,1,1,R-Squared [Read 2:600],,,,,,,,,,,,,,,,,,,,,,,,,,,,,,,,,,,,,,,,
,,03:52:03,05:07:03,05:22:03,14:07:03,05:22:03,05:22:03,39:22:03,01:22:03,t at Max V [Read 2:600],,,,,,,,,,,,,,,,,,,,,,,,,,,,,,,,,,,,,,,,
,,01:29:36,02:15:21,01:59:02,14:16:03,02:56:55,02:35:03,33:35:06,01:14:33,Lagtime [Read 2:600],,,,,,,,,,,,,,,,,,,,,,,,,,,,,,,,,,,,,,,,
,C,5.4,4.8,4.887,-0.52,4.447,4.407,4.093,0.1,Max V [Read 2:600],,,,,,,,,,,,,,,,,,,,,,,,,,,,,,,,,,,,,,,,
,,1,1,1,1,1,1,1,1,R-Squared [Read 2:600],,,,,,,,,,,,,,,,,,,,,,,,,,,,,,,,,,,,,,,,
,,05:07:03,04:07:03,04:37:03,22:52:03,03:52:03,05:22:03,03:37:03,06:07:03,t at Max V [Read 2:600],,,,,,,,,,,,,,,,,,,,,,,,,,,,,,,,,,,,,,,,
,,02:28:14,01:35:49,01:51:45,22:58:58,01:23:18,02:28:00,01:22:22,06:01:33,Lagtime [Read 2:600],,,,,,,,,,,,,,,,,,,,,,,,,,,,,,,,,,,,,,,,
,D,4.773,4.893,4.62,-0.453,4.547,4.307,4.587,-0.227,Max V [Read 2:600],,,,,,,,,,,,,,,,,,,,,,,,,,,,,,,,,,,,,,,,
,,1,1,1,1,1,1,1,1,R-Squared [Read 2:600],,,,,,,,,,,,,,,,,,,,,,,,,,,,,,,,,,,,,,,,
,,03:52:03,04:52:03,04:52:03,30:52:03,05:22:03,05:07:03,05:07:03,17:22:03,t at Max V [Read 2:600],,,,,,,,,,,,,,,,,,,,,,,,,,,,,,,,,,,,,,,,
,,01:52:27,01:55:34,01:54:16,30:57:07,02:10:47,01:17:56,02:23:36,17:23:49,Lagtime [Read 2:600],,,,,,,,,,,,,,,,,,,,,,,,,,,,,,,,,,,,,,,,
,E,4.74,5.173,5.087,-0.193,4.527,4.413,4.66,-0.067,Max V [Read 2:600],,,,,,,,,,,,,,,,,,,,,,,,,,,,,,,,,,,,,,,,
,,1,1,1,1,1,1,1,1,R-Squared [Read 2:600],,,,,,,,,,,,,,,,,,,,,,,,,,,,,,,,,,,,,,,,
,,04:52:03,04:37:03,04:37:03,29:07:03,05:22:03,05:37:03,05:52:03,20:07:03,t at Max V [Read 2:600],,,,,,,,,,,,,,,,,,,,,,,,,,,,,,,,,,,,,,,,
,,02:00:44,02:30:28,02:29:48,29:09:23,02:26:08,02:35:43,02:38:12,19:46:03,Lagtime [Read 2:600],,,,,,,,,,,,,,,,,,,,,,,,,,,,,,,,,,,,,,,,
,F,6.147,4.62,4.6,-2.7,4.693,7.4,6.247,-0.38,Max V [Read 2:600],,,,,,,,,,,,,,,,,,,,,,,,,,,,,,,,,,,,,,,,
,,1,1,1,1,1,1,1,1,R-Squared [Read 2:600],,,,,,,,,,,,,,,,,,,,,,,,,,,,,,,,,,,,,,,,
,,11:37:03,05:52:03,05:37:03,22:52:03,12:07:03,12:07:03,11:22:03,10:37:03,t at Max V [Read 2:600],,,,,,,,,,,,,,,,,,,,,,,,,,,,,,,,,,,,,,,,
,,06:48:19,03:00:25,02:39:21,22:58:44,05:31:20,07:57:14,06:44:22,10:43:46,Lagtime [Read 2:600],,,,,,,,,,,,,,,,,,,,,,,,,,,,,,,,,,,,,,,,
